영화코드,영화제목,제작년도,개봉일,상영타입코드,감독,국적,배급사,네이버프리뷰
20210135,바바 야가 검은 가시 마녀,2020,2021-10-05,20210135D(디지털),이반 미닌,러시아,(주)씨네마블랙,"'<b>바바 야가 검은 가시 마녀</b> 감독 이반 미닌 출연 미등록 개봉 2021. 10. 05. 안녕하세요 【 영화 】... 지역 주민들은 가시 나무숲에 과거 잔혹하게 살해당한 검은 가시 마녀의 저주라고 믿고 있다. 2017년 10월 14일... ', '제 목 : <b>바바 야가 검은 가시 마녀</b> (THE WIDOW / Вдова) 감 독 : 이반 미닌 (Ivan Minin) 주 연... 공포영화 &lt;<b>바바 야가</b> : <b>검은 가시 마녀</b>&gt;을 감독한다. 이 영화는 실제 실종된 산림 감시팀의 흔적을 최대한... ', '평점 출연진 예고편 개봉 예정 영화 <b>바바 야가 검은 가시 마녀</b>(Вдова, The Widow, 2020)의 줄거리 및 평점 출연진 정보 An urban legend. A terrifying truth. #서이추환영 #검은가시마녀 #<b>바바야가검은가시마녀</b>', '여러 민담에서, 알라의 외형은 매우 다양하고, 또 애매모호한데, <b>검은</b> 바람, 불분명한 형태의 거대한... 또 알라는 슬라브 민담의 <b>마녀</b>인 <b>바바 야가</b>와 비슷하며, 몇몇 지역에서는 <b>바바 야가</b>와 동일시되기도 한다.... ', '장미는 <b>가시</b> 사이에서 자란다. 한 봉지에 동전 두 개가 들어 있으면 백 개보다 더 시끄럽다. 학자들의 경쟁은 과학을 발전시킨다. 진실은 무겁기 때문에 그것을 운반하는 사람은 거의 없다. 인간에게 사랑받는... ', '197 <b>가시</b>장미 그림 형제 203 이반 왕자, 불새, 회색 늑대 알렉산드르 N. 아파나셰프 208 베네치아 총독의... 404 <b>마녀</b> <b>바바 야가</b>와 아름다운 바실리사 알렉산드르 N. 아파나셰프 409 죽음의 신을 놀린 노파... ', '귀신의 <b>검은</b> 피 연구를 위해 사무전 양호 교사로 잠입했으며 전야제 때 귀신을 부활시킨다. 자신의... 슈타인에 의해서 전야제 때 사망했지만 어린 소녀 레이첼의 몸을 빼앗아 다시 부활, <b>바바 야가</b> 성 전투... ', '<b>마녀</b>는 세가지 궂은 일을 바실리사에게 시키지만 그때마다 목각 인형의 도움으로 난관을 해결했다. 주어진 일들을 모두 마친 바실리사는 <b>바바야가</b>에게 자기가 오두막으로 향하면서 본 <b>검은</b> 기사, 붉은 기사... ', '197 <b>가시</b>장미 그림 형제 203 이반 왕자, 불새, 회색 늑대 알렉산드르 N. 아파나셰프 208 베네치아... 404 <b>마녀</b> <b>바바 야가</b>와 아름다운 바실리사 알렉산드르 N. 아파나셰프 409 죽음의 신을 놀린 노파 이야기... ', '3)баба яга <b>바바 야가</b> (<b>마녀</b> 할머니) <b>바바 야가</b>는 슬라브 신화에서 기형적으로나 흉포하게... 빅토르 바스네쵸프(Viktor Vasnetsov)의 그림 ‘세 명의 무사Bogatyrs’ 중 창을 들고 <b>검은</b> 말에 타고 있는... '<b>바바 야가 검은 가시 마녀</b> 감독 이반 미닌 출연 미등록 개봉 2021. 10. 05. 안녕하세요 【 영화 】... 지역 주민들은 가시 나무숲에 과거 잔혹하게 살해당한 검은 가시 마녀의 저주라고 믿고 있다. 2017년 10월 14일... 제 목 : <b>바바 야가 검은 가시 마녀</b> (THE WIDOW / Вдова) 감 독 : 이반 미닌 (Ivan Minin) 주 연... 공포영화 &lt;<b>바바 야가</b> : <b>검은 가시 마녀</b>&gt;을 감독한다. 이 영화는 실제 실종된 산림 감시팀의 흔적을 최대한... 평점 출연진 예고편 개봉 예정 영화 <b>바바 야가 검은 가시 마녀</b>(Вдова, The Widow, 2020)의 줄거리 및 평점 출연진 정보 An urban legend. A terrifying truth. #서이추환영 #검은가시마녀 #<b>바바야가검은가시마녀</b>여러 민담에서, 알라의 외형은 매우 다양하고, 또 애매모호한데, <b>검은</b> 바람, 불분명한 형태의 거대한... 또 알라는 슬라브 민담의 <b>마녀</b>인 <b>바바 야가</b>와 비슷하며, 몇몇 지역에서는 <b>바바 야가</b>와 동일시되기도 한다.... 장미는 <b>가시</b> 사이에서 자란다. 한 봉지에 동전 두 개가 들어 있으면 백 개보다 더 시끄럽다. 학자들의 경쟁은 과학을 발전시킨다. 진실은 무겁기 때문에 그것을 운반하는 사람은 거의 없다. 인간에게 사랑받는... 197 <b>가시</b>장미 그림 형제 203 이반 왕자, 불새, 회색 늑대 알렉산드르 N. 아파나셰프 208 베네치아 총독의... 404 <b>마녀</b> <b>바바 야가</b>와 아름다운 바실리사 알렉산드르 N. 아파나셰프 409 죽음의 신을 놀린 노파... 귀신의 <b>검은</b> 피 연구를 위해 사무전 양호 교사로 잠입했으며 전야제 때 귀신을 부활시킨다. 자신의... 슈타인에 의해서 전야제 때 사망했지만 어린 소녀 레이첼의 몸을 빼앗아 다시 부활, <b>바바 야가</b> 성 전투... <b>마녀</b>는 세가지 궂은 일을 바실리사에게 시키지만 그때마다 목각 인형의 도움으로 난관을 해결했다. 주어진 일들을 모두 마친 바실리사는 <b>바바야가</b>에게 자기가 오두막으로 향하면서 본 <b>검은</b> 기사, 붉은 기사... 197 <b>가시</b>장미 그림 형제 203 이반 왕자, 불새, 회색 늑대 알렉산드르 N. 아파나셰프 208 베네치아... 404 <b>마녀</b> <b>바바 야가</b>와 아름다운 바실리사 알렉산드르 N. 아파나셰프 409 죽음의 신을 놀린 노파 이야기... 3)баба яга <b>바바 야가</b> (<b>마녀</b> 할머니) <b>바바 야가</b>는 슬라브 신화에서 기형적으로나 흉포하게... 빅토르 바스네쵸프(Viktor Vasnetsov)의 그림 ‘세 명의 무사Bogatyrs’ 중 창을 들고 <b>검은</b> 말에 타고 있는... "
20210168,F20,2021,2021-10-06,20210168D(디지털),홍은미,한국,와이드 릴리즈(주),"'그러다가 이미 맛을 알게된 BMW 중고도 같이 알아보게 되었는데, 딱 118D <b>F20</b> 바디가 눈에 들어왔습니다.... (물론 계속 해서 BMW를 몰아본 분들은 이 <b>F20</b>도 시장에 많이 타협해서 나온 차량이라고는 합니다만..)... ', 'BMW <b>F20</b> 118D 작업내역 : 엑사엔진오일 교환 BMW <b>F20</b> 118D 차량이 입고되었습니다 엔진오일 교환을 위해 부산수입차정비 코리언모터스를 찾아주셨습니다 차량의 보닛을 오픈하고 기본 점검을 한 후 엔진오일 교환... ', 'BMW <b>F20</b> 118D 자바라교환 오늘 작업할 118D 입니다. 저알피엠에서 발생하는 쇠떠는 소음으로... BMW <b>F20</b> 118D 자바라작업 가접을 하고 다시 탈거후 꼼꼼하게 용접을 합니다. 이렇게 작업을 해야 배기라인이... ', '이 손님은 서비스센터를 방문했지만 <b>F20</b> 자재가 미결되어 작업이 당장 불가했던 경우입니다. 물품 도착이 한 달 정도 걸린다며 저희 쪽에 견적 문의를 주셨어요. 아무래도 이 부분은 외제 카를 운전하시는... ', 'BMW 118d <b>F20</b> - 서모스탯, 워터펌프 누수, 브레이크 오일 교환/하남 수입차 정비 엘투개러지 반갑습니다 L2개러지 입니다! 브레이크 오일 교환으로 방문해 주신 BMW 118d <b>F20</b> 모델 B47 엔진 차주님!! 브레이크 오일... ', ""오늘은 10월 개봉 예정 영화 &lt;<b>F20</b>&gt; 예매권 이벤트를 준비해왔습니다. 많은 관심과 참여 부탁드립니다.... 20매) &lt;<b>F20</b>&gt; 영화 정보 &lt;<b>F20</b>&gt;은 아들의 조현병을 숨기고픈 엄마 '애란'(장영남)의 아파트에 같은 병을 앓고... "", '워낙 차량이 작고 엔진이나 밋션에 의해 실내공간이 작아진 <b>F20</b> 120D도 마찬가지겠지요. 그래서 저에게 가장 편한 드라이빙 포지션을 만들어 주는 녀석을 다시 소환하기로 합니다. 예.. 바로 버킷시트가... ', '#삼군개러지 #일산bmw정비 #118d엔진오일 #118d브레이크패드 #118d정비 #일산수입차정비 #삼군 #라이맥스엔진오일 #5w30엔진오일 #일산엔진오일교환 #일산정비 #bmw정비 #bmw118d #브레이크패드센서 bmw <b>f20</b> 118d... ', 'BMW <b>F20</b> 118D 야코 VX1000LE 5W30 합성 엔진오일 교환 온게러지 하이레이싱 세라믹 브레이크패드 교환 안녕하세요. 온게러지입니다. 엔진오일, 브레이크 패드를 교환할 차량은 BMW <b>F20</b> 118D 차량입니다.... ', '영화 제목은 <b>F20</b>입니다. 영화 <b>F20</b> 조현병 영화! 예고편 영상 &amp; 개봉일부터 시작해 보겠습니다. 메인 예고편 영상 &amp; 30초 예고편 영상 https://tv.naver.com/v/22388637 https://tv.naver.com/v/22577651 &quot;엄마가 정말로 무서운 게 뭔... '그러다가 이미 맛을 알게된 BMW 중고도 같이 알아보게 되었는데, 딱 118D <b>F20</b> 바디가 눈에 들어왔습니다.... (물론 계속 해서 BMW를 몰아본 분들은 이 <b>F20</b>도 시장에 많이 타협해서 나온 차량이라고는 합니다만..)... 저는 오전에 받았는데 바뀐 날짜가 사정상 어려워서 다시 변경하느라 바빴네요^^ 차종 : BMW <b>F20</b> 118D 작업내역 : 프론트 브레이크 패드, 브레이크 오일 교환 BMW 118D 차량이 입고되었습니다 프론트 브레이크... BMW <b>F20</b> 118D 자바라교환 오늘 작업할 118D 입니다. 저알피엠에서 발생하는 쇠떠는 소음으로... BMW <b>F20</b> 118D 자바라작업 가접을 하고 다시 탈거후 꼼꼼하게 용접을 합니다. 이렇게 작업을 해야 배기라인이... 이 손님은 서비스센터를 방문했지만 <b>F20</b> 자재가 미결되어 작업이 당장 불가했던 경우입니다. 물품 도착이 한 달 정도 걸린다며 저희 쪽에 견적 문의를 주셨어요. 아무래도 이 부분은 외제 카를 운전하시는... <b>F20</b> - 엔진+미션+디퍼렌셜 오일, 댐퍼풀리, 드라이브 벨트, 연료필터 교환 엘투개러지 안녕하세요 엘투개러지 입니다!! 11만 킬로 도달로 각종 메인터넌스 교환으로 저희 매장을 찾아주셨습니다^^ 차량은 bmw <b>F20</b>... 오늘은 10월 개봉 예정 영화 &lt;<b>F20</b>&gt; 예매권 이벤트를 준비해왔습니다. 많은 관심과 참여 부탁드립니다.... 20매) &lt;<b>F20</b>&gt; 영화 정보 &lt;<b>F20</b>&gt;은 아들의 조현병을 숨기고픈 엄마 '애란'(장영남)의 아파트에 같은 병을 앓고... 워낙 차량이 작고 엔진이나 밋션에 의해 실내공간이 작아진 <b>F20</b> 120D도 마찬가지겠지요. 그래서 저에게 가장 편한 드라이빙 포지션을 만들어 주는 녀석을 다시 소환하기로 합니다. 예.. 바로 버킷시트가... #삼군개러지 #일산bmw정비 #118d엔진오일 #118d브레이크패드 #118d정비 #일산수입차정비 #삼군 #라이맥스엔진오일 #5w30엔진오일 #일산엔진오일교환 #일산정비 #bmw정비 #bmw118d #브레이크패드센서 bmw <b>f20</b> 118d... BMW <b>F20</b> 118D 야코 VX1000LE 5W30 합성 엔진오일 교환 온게러지 하이레이싱 세라믹 브레이크패드 교환 안녕하세요. 온게러지입니다. 엔진오일, 브레이크 패드를 교환할 차량은 BMW <b>F20</b> 118D 차량입니다.... 안녕하세요 정비사S 입니다 오늘 했던 따끈 따끈 한 작업 내용 올려봅니다 차량은 BMW <b>F20</b> 118d 입니다 브레이크 경고등 및 엔진오일 교체를 위해 입고 되었구요 먼저 엔진오일 부터 작업을 시작 합니다.... "
20210142,스틸워터,2021,2021-10-06,20210142D(디지털),토마스 맥카시,미국,씨제이 씨지브이(CJ CGV)(주),"""그래서 <b>스틸워터</b>는 스틸과 워터로 다시금 들리게 된다. 과연 아직도 잔잔한 물의 마을인가. **아비게일 브레스린은 '미스 리틀 선샤인'의 그녀다. 지금 마야의 위치에 있었던 캐릭터다. 그래서 더 캐스팅 된... "", '<b>스틸워터</b>의 이야기는 영화를 위해 쓰인 각본을 토대로 하지만 마치 소설 원작이 있는 것처럼 느껴진다.... 아만다 녹스는 <b>스틸워터</b>가 본인의 처지를 악의적으로 그렸다며 불쾌함을 드러냈지만, 사실 영화는... ', '내 기억으론 처음 아버지 역을 맡은 맷 데이먼 주연의 &lt;<b>스틸워터</b>&gt;이다. 딸의 무죄를 증명하기 위해 직접... 영화 &lt;<b>스틸워터</b>&gt;에 주목하길 바란다. tag : <b>스틸워터</b> , 미국영화 , 드라마영화 , 맷데이먼... ', '#<b>스틸워터</b> #<b>스틸워터</b>시사회 #<b>스틸워터</b>후기 간만에 보는 거 같은 #맷데이먼 을 그냥 지나칠 수 없었다.... 그리고 스틸컷에는 없는데 영화에서 인상 깊은 장면중 하나는 딸이 물에 둥둥 떠다니는 장면이 물속에서... ', '1점 영화 &lt;<b>스틸워터</b>&gt;는 친구를 살해한 혐의로 교도소에 수감된 딸의 누명을 벗기기 위해 진실을... 영화 &lt;<b>스틸워터</b>&gt;는 미국 3대 일간지 중 하나인 보스턴 글로브가 가톨릭 보스턴 교구 사제들의 아동... ', '<b>스틸워터</b> 감독 토마스 맥카시 출연 맷 데이먼, 아비게일 브레스린 개봉 Invalid date 정말 오랜만에 친구와 시사회를 다녀왔다. 내 기억으론 처음 아버지 역을 맡은 맷 데이먼 주연의 &lt;<b>스틸워터</b>&gt;이다. 딸의 무죄를... ', ""오클라호마주 <b>스틸워터</b>에서 살고 있는 석유 시추공 '빌 베이커' 싱글대디인 그는 외동딸 '알리슨'을 만나기 위해 비행기를 타는데 목적지는 프랑스 마르세이유였네요. 영화 &lt;<b>스틸워터</b>, Stillwater&gt; 입니다. 머나먼... "", ""영화제목 '<b>스틸워터</b>'는 가스가 없는 물이 아니라, 오클라호마의 마을 이름이다. 찾아보니 미네소타에도 '<b>스틸워터</b>'라는 도시가 있다. 6. 엔딩크레딧까지 다 보고 극장을 나왔는데, OST에 PSY의 '강남스타일'이... "", ""출처: 다음 영화 '<b>스틸 워터</b>' <b>스틸워터</b> 감독 토마스 맥카시 출연 맷 데이먼, 아비게일 브레스린 개봉 미국 평점 리뷰보기 아직 개봉 전 영화로 스포가 될 수 있습니다. 출연 배우나 영화를 기다리고 계신... "", '영화 제목은 <b>스틸워터</b>입니다. <b>스틸워터</b> 실화, 메인 예고편 영상 소개부터 시작해 보겠습니다. 영화 <b>스틸워터</b> 실화? 영화 <b>스틸워터</b> 실화를 바탕으로 만든 영화라고 하는데요. 바로 2007년도 전 세계를... '그래서 <b>스틸워터</b>는 스틸과 워터로 다시금 들리게 된다. 과연 아직도 잔잔한 물의 마을인가. **아비게일 브레스린은 '미스 리틀 선샤인'의 그녀다. 지금 마야의 위치에 있었던 캐릭터다. 그래서 더 캐스팅 된... 바로 &lt;<b>스틸워터</b>&gt;랍니다! <b>스틸워터</b>는 2021년 10월 6일 개봉을 앞두고 있어요 그렇다면 다 같이 영화에 대해 알아보실까요?? 개봉 2021.10.06. 등급 15세 관람가 장르 드라마 국가 미국 러닝타임 138분 배급 CJ CGV 이... <b>스틸워터</b>의 이야기는 영화를 위해 쓰인 각본을 토대로 하지만 마치 소설 원작이 있는 것처럼 느껴진다.... 아만다 녹스는 <b>스틸워터</b>가 본인의 처지를 악의적으로 그렸다며 불쾌함을 드러냈지만, 사실 영화는... #<b>스틸워터</b> #<b>스틸워터</b>시사회 #<b>스틸워터</b>후기 간만에 보는 거 같은 #맷데이먼 을 그냥 지나칠 수 없었다.... 그리고 스틸컷에는 없는데 영화에서 인상 깊은 장면중 하나는 딸이 물에 둥둥 떠다니는 장면이 물속에서... 1점 영화 &lt;<b>스틸워터</b>&gt;는 친구를 살해한 혐의로 교도소에 수감된 딸의 누명을 벗기기 위해 진실을... 영화 &lt;<b>스틸워터</b>&gt;는 미국 3대 일간지 중 하나인 보스턴 글로브가 가톨릭 보스턴 교구 사제들의 아동... 내 기억으론 처음 아버지 역을 맡은 맷 데이먼 주연의 &lt;<b>스틸워터</b>&gt;이다. 딸의 무죄를 증명하기 위해 직접... 영화 &lt;<b>스틸워터</b>&gt;에 주목하길 바란다. tag : <b>스틸워터</b> , 미국영화 , 드라마영화 , 맷데이먼... 영화 &lt;<b>스틸워터</b>&gt; 스틸컷 드디어 만난 딸은 변호사에게 편지를 전해달라고 간곡히 부탁했다. 해줄 수 있는 게 없는 아버지는 어렵사리 변호사를 만나지만 5년 전 종결된 사건이라 재심이 어렵다는 성의 없는... 오클라호마주 <b>스틸워터</b>에서 살고 있는 석유 시추공 '빌 베이커' 싱글대디인 그는 외동딸 '알리슨'을 만나기 위해 비행기를 타는데 목적지는 프랑스 마르세이유였네요. 영화 &lt;<b>스틸워터</b>, Stillwater&gt; 입니다. 머나먼... <b>스틸워터</b> 감독 토마스 맥카시 출연 맷 데이먼, 아비게일 브레스린 개봉 Invalid date 정말 오랜만에 친구와 시사회를 다녀왔다. 내 기억으론 처음 아버지 역을 맡은 맷 데이먼 주연의 &lt;<b>스틸워터</b>&gt;이다. 딸의 무죄를... 영화제목 '<b>스틸워터</b>'는 가스가 없는 물이 아니라, 오클라호마의 마을 이름이다. 찾아보니 미네소타에도 '<b>스틸워터</b>'라는 도시가 있다. 6. 엔딩크레딧까지 다 보고 극장을 나왔는데, OST에 PSY의 '강남스타일'이... "
20191503,화이트데이: 부서진 결계,2021,2021-10-06,20191503D(디지털),송운,한국,(주)제이앤씨미디어그룹,"'미궁에 빠진 학교를 구하라 &lt;<b>화이트데이: 부서진 결계</b>&gt; 먼저 전설적인 공포 게임 ‘화이트데이... 젠데이아 등 할리우드 대표 배우들의 총집합을 예고하며 일찍부터 큰 기대를 낳고 있다. (2021년 10월 20일 개봉... ', '&lt;<b>화이트데이: 부서진 결계</b>&gt;는 늦은 밤 학교에서 일어나는 기이한 현상을 일으키는 악령으로부터 친구들을 구하기 위한 사투를 그린 공포 판타지 영화. 공개된 보도스틸은 결계가 부서진 학교에서 벌어질... ', '<b>화이트데이</b> 실사 영화 <b>부서진 결계</b> 메인 예고편이 드디어 공개 <b>화이트데이</b> <b>부서진 결계</b> 2021년 10월 6일 대개봉 소오름 강찬희 박유나 주연 퇴마사 장광 선생님까지 어둠이 깃든 땅을 학생들의 맑은... ', '<b>화이트데이: 부서진 결계</b> 메인 예고편 출처: CGV 공식 페이스북 ▲ <b>화이트데이: 부서진 결계</b> 영화의 주인공 이희민(강찬희)은 학교 옥상 난간에 서서 자살 기도를 하는 것으로 보이는 여학생을 목격합니다.... ', ""영화 '<b>화이트데이 : 부서진 결계</b>' 런칭 예고편 나옴 우선 촌스럽고 논란 있던 '귀멸의 퇴마학교' 라는 부제 떼어내고 '부서진 결계'로 바꿈. 근본 여주인공 '한소영' 나옴. 2001년판은 이름 변경 가능하지만 근본... "", ""<b>화이트데이: 부서진 결계</b> The Labyrinth 영화 &lt;<b>화이트데이: 부서진 결계</b>&gt;의 메인 예고편입니다. 우선, 제가 예상했던 부분이 틀렸네요. '장광' 아저씨가 수위로 등장할 줄 알았는데. 무려 퇴마사로 등장합니다.... "", '레전드 호러게임 원작 국산 호러 게임 [ 화이트데이: 학교라는 이름의 미궁] 을 원작으로 하여, 퇴마소재를 결합시킨 영화, &quot;<b>화이트데이:부서진 결계</b>&quot;가 개봉을 예고하며 공포스런 예고영상을 공개했습니다. 이... ', ""게임 '화이트데이: 학교라는 이름의 미궁'을 원작으로한, 늦은 밤 학교에서 일어나는 기이한 현상을 일으키는 악령으로부터 친구들을 구하기 위한 사투를 그린 공포 판타지 영화 &lt;<b>화이트데이: 부서진 결계</b>&gt;가... "", ""두 번째 부제인 부서진 결계도 엉성한 느낌이었는데, 아니나 다를까... 총체적 난국의 개판으로... com/entertain/movie/article/076/0003777375 [스포츠조선 이승미 기자]송운 감독이 영화 '<b>화이트데이: 부서진 결계</b>'에... "", "":) 영화 &lt;<b>화이트 데이: 부서진 결계</b>&gt;의 장면 이걸 어떻게 설명해야할까요... 일단, 영화에 앞서 게임을 소개하자면 원작이 되는 게임 &lt;화이트 데이: 학교라는 이름의 미궁&gt;은 1개의 엔딩이 아닌 '멀티 엔딩'을 가진... ""미궁에 빠진 학교를 구하라 &lt;<b>화이트데이: 부서진 결계</b>&gt; 먼저 전설적인 공포 게임 ‘화이트데이... 젠데이아 등 할리우드 대표 배우들의 총집합을 예고하며 일찍부터 큰 기대를 낳고 있다. (2021년 10월 20일 개봉... &lt;<b>화이트데이: 부서진 결계</b>&gt;는 늦은 밤 학교에서 일어나는 기이한 현상을 일으키는 악령으로부터 친구들을 구하기 위한 사투를 그린 공포 판타지 영화. 공개된 보도스틸은 결계가 부서진 학교에서 벌어질... <b>화이트데이: 부서진 결계</b> 메인 예고편 출처: CGV 공식 페이스북 ▲ <b>화이트데이: 부서진 결계</b> 영화의 주인공 이희민(강찬희)은 학교 옥상 난간에 서서 자살 기도를 하는 것으로 보이는 여학생을 목격합니다.... <b>화이트데이</b> 실사 영화 <b>부서진 결계</b> 메인 예고편이 드디어 공개 <b>화이트데이</b> <b>부서진 결계</b> 2021년 10월 6일 대개봉 소오름 강찬희 박유나 주연 퇴마사 장광 선생님까지 어둠이 깃든 땅을 학생들의 맑은... 영화 '<b>화이트데이 : 부서진 결계</b>' 런칭 예고편 나옴 우선 촌스럽고 논란 있던 '귀멸의 퇴마학교' 라는 부제 떼어내고 '부서진 결계'로 바꿈. 근본 여주인공 '한소영' 나옴. 2001년판은 이름 변경 가능하지만 근본... <b>화이트데이: 부서진 결계</b> The Labyrinth 영화 &lt;<b>화이트데이: 부서진 결계</b>&gt;의 메인 예고편입니다. 우선, 제가 예상했던 부분이 틀렸네요. '장광' 아저씨가 수위로 등장할 줄 알았는데. 무려 퇴마사로 등장합니다.... 레전드 호러게임 원작 국산 호러 게임 [ 화이트데이: 학교라는 이름의 미궁] 을 원작으로 하여, 퇴마소재를 결합시킨 영화, &quot;<b>화이트데이:부서진 결계</b>&quot;가 개봉을 예고하며 공포스런 예고영상을 공개했습니다. 이... 게임 '화이트데이: 학교라는 이름의 미궁'을 원작으로한, 늦은 밤 학교에서 일어나는 기이한 현상을 일으키는 악령으로부터 친구들을 구하기 위한 사투를 그린 공포 판타지 영화 &lt;<b>화이트데이: 부서진 결계</b>&gt;가... 두 번째 부제인 부서진 결계도 엉성한 느낌이었는데, 아니나 다를까... 총체적 난국의 개판으로... com/entertain/movie/article/076/0003777375 [스포츠조선 이승미 기자]송운 감독이 영화 '<b>화이트데이: 부서진 결계</b>'에... :) 영화 &lt;<b>화이트 데이: 부서진 결계</b>&gt;의 장면 이걸 어떻게 설명해야할까요... 일단, 영화에 앞서 게임을 소개하자면 원작이 되는 게임 &lt;화이트 데이: 학교라는 이름의 미궁&gt;은 1개의 엔딩이 아닌 '멀티 엔딩'을 가진... "
20210182,매직 스쿨: 초보마법사 아우라의 대모험,2020,2021-10-07,"20210182D(디지털)
20210182T(디지털 더빙)",-,미국,(주)디스테이션,"'바로 환상의 매직 어드벤처인 &lt;<b>매직스쿨: 초보마법사 아우라의 대모험</b>&gt;인데요. &lt;라이온 킹&gt;, &lt;카... 신청하세요 #매직스쿨초보마법사아우라의대모험 상세한 일정을 꼭 확인해 주시어요. 거리두기에 따라 1인... ', '과연 <b>초보마법사 아우라</b>는 마법학교의 비밀을 밝혀 낼 수 있을까? * 티저 영상으로 보는 영화 리뷰 마법학교(<b>매직스쿨</b>)에 입학한 <b>아우라</b>는 <b>마법사</b>의 필수품인 마법 가운, 마술봉을 받게 되죠. <b>마법사</b>는 날아... ', '환상의 매직 어드벤쳐를 그린 <b>매직 스쿨: 초보마법사 아우라의 대모험</b>이 10월 개봉을 앞두고, 개봉전... 과연 초보마법사 아우라는 마법학교의 비밀을 밝혀 낼 수 있을까? &quot;최고의 마법 수업이 시작된다.&quot; https... ', '개봉] &lt;<b>매직 스쿨: 초보마법사 아우라의 대모험</b>&gt;은 마법소녀 ‘아우라’가 태어나서 바로 부모님과... 이 학교에 비밀이 숨겨져 있는 것 같다. 과연 초보마법사 아우라는 마법학교의 비밀을 밝혀 낼 수 있을까?', '상상을 뛰어넘는 판타지 가득한 매직 스쿨! 출처: 좌측부터 &lt;라이언 킹&gt;,&lt;카&gt; (네이버 영화) &lt;<b>매직 스쿨: 초보마법사 아우라의 대모험</b>&gt;은 출생에 비밀이 있는 소녀 ‘아우라’가 자신에게 마법능력이 있다는... ', '초보 마법사 아우라의 모험이 시작되는 환상적인 모험의 세계로 떠나는 마법 여행! &lt;<b>매직 스쿨: 초보마법사 아우라의 대모험</b>&gt;은 출생의 비밀이 있는 소녀 아우라가 자신에게 마법 능력이 있는 걸 알고... ', '과연 초보마법사 아우라는 마법학교의 비밀을 밝혀 낼 수 있을까? 이웃 여러분들을 10월 개봉하는 판타지 애니메이션 <b>매직스쿨: 초보마법사 아우라의 대모험</b> 시사회에 초대합니다. - 시사회 일시: 9월 24일... ', '애니메이션 &lt;<b>매직스쿨: 초보마법사 아우라의 대모험</b>&gt;은 비가 내리던 어느 날 밤, 요상하게 생긴 로봇과 같이 어느 집 앞에 버려진 소녀 아우라는 자신이 마법의 능력을 갖고 있다는 걸 알게 됩니다.... ', '평점 출연진 예고편 국내 개봉 예정 영화 <b>매직 스쿨: 초보마법사 아우라의 대모험</b>(The Academy of Magic, 2020)의 평점 및 줄거리 출연진 정보 #영화매직스쿨 #마법사아우라 #서이추환영', '과연 초보마법사 아우라는 마법학교의 비밀을 밝혀 낼 수 있을까? - 줄거리출처 : 네이버 영화 - 영화 &lt;<b>매직스쿨 : 초보마법사 아우라의 대모험</b>&gt; 시사회 초대 이벤트 [이벤트 일정] 1. 신청 기간 : 9월 10일... '바로 환상의 매직 어드벤처인 &lt;<b>매직스쿨: 초보마법사 아우라의 대모험</b>&gt;인데요. &lt;라이온 킹&gt;, &lt;카... 신청하세요 #매직스쿨초보마법사아우라의대모험 상세한 일정을 꼭 확인해 주시어요. 거리두기에 따라 1인... 과연 <b>초보마법사 아우라</b>는 마법학교의 비밀을 밝혀 낼 수 있을까? * 티저 영상으로 보는 영화 리뷰 마법학교(<b>매직스쿨</b>)에 입학한 <b>아우라</b>는 <b>마법사</b>의 필수품인 마법 가운, 마술봉을 받게 되죠. <b>마법사</b>는 날아... 환상의 매직 어드벤쳐를 그린 <b>매직 스쿨: 초보마법사 아우라의 대모험</b>이 10월 개봉을 앞두고, 개봉전... 과연 초보마법사 아우라는 마법학교의 비밀을 밝혀 낼 수 있을까? &quot;최고의 마법 수업이 시작된다.&quot; https... 개봉] &lt;<b>매직 스쿨: 초보마법사 아우라의 대모험</b>&gt;은 마법소녀 ‘아우라’가 태어나서 바로 부모님과... 이 학교에 비밀이 숨겨져 있는 것 같다. 과연 초보마법사 아우라는 마법학교의 비밀을 밝혀 낼 수 있을까?상상을 뛰어넘는 판타지 가득한 매직 스쿨! 출처: 좌측부터 &lt;라이언 킹&gt;,&lt;카&gt; (네이버 영화) &lt;<b>매직 스쿨: 초보마법사 아우라의 대모험</b>&gt;은 출생에 비밀이 있는 소녀 ‘아우라’가 자신에게 마법능력이 있다는... 초보 마법사 아우라의 모험이 시작되는 환상적인 모험의 세계로 떠나는 마법 여행! &lt;<b>매직 스쿨: 초보마법사 아우라의 대모험</b>&gt;은 출생의 비밀이 있는 소녀 아우라가 자신에게 마법 능력이 있는 걸 알고... 과연 초보마법사 아우라는 마법학교의 비밀을 밝혀 낼 수 있을까? 이웃 여러분들을 10월 개봉하는 판타지 애니메이션 <b>매직스쿨: 초보마법사 아우라의 대모험</b> 시사회에 초대합니다. - 시사회 일시: 9월 24일... 애니메이션 &lt;<b>매직스쿨: 초보마법사 아우라의 대모험</b>&gt;은 비가 내리던 어느 날 밤, 요상하게 생긴 로봇과 같이 어느 집 앞에 버려진 소녀 아우라는 자신이 마법의 능력을 갖고 있다는 걸 알게 됩니다.... 평점 출연진 예고편 국내 개봉 예정 영화 <b>매직 스쿨: 초보마법사 아우라의 대모험</b>(The Academy of Magic, 2020)의 평점 및 줄거리 출연진 정보 #영화매직스쿨 #마법사아우라 #서이추환영과연 초보마법사 아우라는 마법학교의 비밀을 밝혀 낼 수 있을까? - 줄거리출처 : 네이버 영화 - 영화 &lt;<b>매직스쿨 : 초보마법사 아우라의 대모험</b>&gt; 시사회 초대 이벤트 [이벤트 일정] 1. 신청 기간 : 9월 10일... "
20219378,부니베어: 애들이 줄었어요,2018,2021-10-07,20219378D(디지털),정량,중국,(주)라이크콘텐츠,"'영화 &lt;<b>부니베어: 애들이 줄었어요</b>&gt;는 엉터리 발명왕 빅터 때문에 몸이 개미만큼 작아진 곰돌이형제가... 공개한 &lt;<b>부니베어: 애들이 줄었어요</b>&gt;는 오는 10월 7일 개봉될 예정이다. INFORMATION 제 목 : 부니베어... ', '부니베어: 원시시대 대모험&gt;은 무려 1만개의 스크린에서 약 1억7백만 달러 이상의 흥행을 기록하여 역대 최고의 작품으로 평가 받은 바 있다. 오는 10월 국내 개봉을 확정한 &lt;<b>부니베어: 애들이 줄었어요</b>&gt; 역시... ', '&lt;<b>부니베어: 애들이 줄었어요</b>&gt; 10월 7일 개봉 확정! 상상을 뛰어 넘는 모험과 웃음이 기대되는 2차 포스터... 그린 &lt;<b>부니베어: 애들이 줄 었어요</b>&gt;가 10월 7일 개봉을 확정하고 상상을 뛰어 넘는 모험과 웃음이... ', ""<b>부니베어: 애들이 줄었어요</b> 장르: 애니메이션, 모험/중국 감독: 정량 2010.10 이 영화는 어느날 갑자기... 이 영화 ‘부니베어’는 '부니베어: 룰라 구출 대모험' '부니베어: 브램블의 신비한 모험' '판타스틱... "", '평점 출연진 예고편 개봉 예정 영화 <b>부니베어: 애들이 줄었어요</b>(Boonie Bears : The Big Shrink, 2018)의 줄거림 및 평점 출연진 정보 A wild chase through a magnificent world #영화부니베어 #서이추환영', '* &lt;<b>부니베어 : 애들이 줄었어요</b>&gt; 예고편으로 미리보기 정량 감독의 부니베어 시리즈 중 7번째 애니메이션 영화네요. 이번에는 곰형제들을 골탕먹이려고 빅이 만든 기계때문에 빅터와 브라이어 브램블... ', '개봉된 &lt;부니베어: 원시시대 대모험&gt;은 무려 1만개의 스크린에서 약 1억7백만 달러 이상의 흥행을 기록하여 역대 최고의 작품으로 평가 받은 바 있다. 오는 10월 국내 개봉을 확정한 &lt;<b>부니베어: 애들이 줄었어요</b>... ', '<b>부니베어: 애들이 줄었어요</b> Boonie Bears : The Big Shrink , 2018 요약정보 애니메이션, 어드벤처 | 90분 | 중국ㅣ개봉일 2021.10.07 감독 정량 출연 배급 라이크콘텐츠 영화 &lt;<b>부니베어: 애들이 줄었어요</b>&gt;는 무엇이든... ', '<b>부니베어 : 애들이 줄었어요</b> Boonie Bears : The Big Shrink 2018 개봉예정일 : 2021 년 10 월 07 일 ( 예정일 일뿐 사정에 의해 바뀔 수 있습니다 .) 애니메이션 중국 감독 : 정량 , 임회달 개미만큼 작아진 곰돌이... ', '시작, <b>부니베어: 애들이 줄었어요</b>, 인어가 잠든 집 등이 있습니다. 10월 개봉예정영화 드라나, 모험... 10월 개봉예정영화 중에 부니베어는 어느날 빅이 뭐든지 커지게 만드는 신비로운 기계를 구입하면서... '곰돌이 형제의 초특급 어드벤처를 담은 &lt;<b>부니베어: 애들이 줄었어요</b>&gt;가 10월 7일 극장가에 개봉을... #부니베어애들이줄었어요 많은 응모 부탁드려요. 이 포스팅은 영화사로부터 해당 예매권을 제공받습니다.영화 &lt;<b>부니베어: 애들이 줄었어요</b>&gt;는 엉터리 발명왕 빅터 때문에 몸이 개미만큼 작아진 곰돌이형제가... 공개한 &lt;<b>부니베어: 애들이 줄었어요</b>&gt;는 오는 10월 7일 개봉될 예정이다. INFORMATION 제 목 : 부니베어... * &lt;<b>부니베어 : 애들이 줄었어요</b>&gt; 예고편으로 미리보기 정량 감독의 부니베어 시리즈 중 7번째 애니메이션 영화네요. 이번에는 곰형제들을 골탕먹이려고 빅이 만든 기계때문에 빅터와 브라이어 브램블... 부니베어: 원시시대 대모험&gt;은 무려 1만개의 스크린에서 약 1억7백만 달러 이상의 흥행을 기록하여 역대 최고의 작품으로 평가 받은 바 있다. 오는 10월 국내 개봉을 확정한 &lt;<b>부니베어: 애들이 줄었어요</b>&gt; 역시... &lt;<b>부니베어: 애들이 줄었어요</b>&gt; 10월 7일 개봉 확정! 상상을 뛰어 넘는 모험과 웃음이 기대되는 2차 포스터... 그린 &lt;<b>부니베어: 애들이 줄 었어요</b>&gt;가 10월 7일 개봉을 확정하고 상상을 뛰어 넘는 모험과 웃음이... <b>부니베어: 애들이 줄었어요</b> 장르: 애니메이션, 모험/중국 감독: 정량 2010.10 이 영화는 어느날 갑자기... 이 영화 ‘부니베어’는 '부니베어: 룰라 구출 대모험' '부니베어: 브램블의 신비한 모험' '판타스틱... 평점 출연진 예고편 개봉 예정 영화 <b>부니베어: 애들이 줄었어요</b>(Boonie Bears : The Big Shrink, 2018)의 줄거림 및 평점 출연진 정보 A wild chase through a magnificent world #영화부니베어 #서이추환영개봉된 &lt;부니베어: 원시시대 대모험&gt;은 무려 1만개의 스크린에서 약 1억7백만 달러 이상의 흥행을 기록하여 역대 최고의 작품으로 평가 받은 바 있다. 오는 10월 국내 개봉을 확정한 &lt;<b>부니베어: 애들이 줄었어요</b>... <b>부니베어: 애들이 줄었어요</b> Boonie Bears : The Big Shrink , 2018 요약정보 애니메이션, 어드벤처 | 90분 | 중국ㅣ개봉일 2021.10.07 감독 정량 출연 배급 라이크콘텐츠 영화 &lt;<b>부니베어: 애들이 줄었어요</b>&gt;는 무엇이든... <b>부니베어 : 애들이 줄었어요</b> Boonie Bears : The Big Shrink 2018 개봉예정일 : 2021 년 10 월 07 일 ( 예정일 일뿐 사정에 의해 바뀔 수 있습니다 .) 애니메이션 중국 감독 : 정량 , 임회달 개미만큼 작아진 곰돌이... "
20210165,브라더,2021,2021-10-07,20210165D(디지털),신근호,한국,(주)박수엔터테인먼트,"'드디어 21 문어시즌이 시작되었어요 지난 7월9일 부터 달려달려  7월 14일 <b>브라더</b>피싱 타고 문어선상 다녀왔지요 다른 문어 선상 은 몇번 타보았지만 <b>브라더</b>피싱 문어선상 은 첫 출조 였어요 대방진굴항 에서... ', '이번 포스팅에서는 그중 내구성 좋기로 유명한 무한잉크 복합기 <b>브라더</b> DCP-T420W 모델을 살펴보려고 합니다. <b>브라더</b> 제품은 무한잉크 유지 비용이 저렴하고 잔고장 없어 제가 늘 추천하는 브랜드에요!... ', 'Brother &amp; Brother 강릉 레스토랑 / <b>브라더</b>앤<b>브라더</b> ■ 주소: 강원도 강릉시 교동광장로 100번길 8 더홍씨호텔 강릉 9층 ■ 연락처: 033)641-8012 ■ 영업시간: 오전 11시 30분~밤 10시(브레이크 타임 - 오후 3시~ 오후 5시)... ', '조급하게 즐기기 보다는 여유있게 즐기려고 더홍씨호텔 9층에 위치한 <b>브라더</b>앤<b>브라더</b>에서 분위기 좋은 곳에서 여유있게 즐겼어요 ^^ <b>브라더</b>앤<b>브라더</b> 레스토랑은 강릉 시내에 위치한 더홍씨호텔 9층 맨... ', '하면서 <b>브라더</b> 라벨프린터기를 추천해줘서 저도 한번 장만해 봤는데요. 써보니 요게 요게 아주 그냥 자취꿀템이더라구요!!! <b>브라더</b> 라벨프린터 PT-P300BT 155(W) x 68(D) x 115(H) (mm) / 380g 인쇄 해당도 : 180 dpi x 180 dpi... ', '이번엔 친애하는빅<b>브라더</b> 전시를 관람하러 국립아시아문화전당을 찾았는데요. 문화창조원 입구로... 2021 ACC지역아시아작가전 &lt; 친애하는빅<b>브라더</b> : 다시는 결코 혼자일 수 없음에 대하여 &gt; 예매하기... ', '그래서 활용도가 높다고 입소문 난 <b>브라더</b> PT-P300BT를 쓰기 시작했는데, 와 진짜 신세계가 따로 없는 거... &quot;At Your Side&quot; 고객 최우선주의라는 모토로 더욱 편리하고 튼튼한 제품을 위해 노력하고 있는 <b>브라더</b>... ', '강릉 시내 맛집 &quot;<b>브라더</b>앤<b>브라더</b>&quot; 엘리베이터 9층에 내리자마자 보이는 풍경은 바로.. 기분좋은 문구와 예쁜 향초들, 와인들이 아기자기하게 예쁘네요. 호텔에 숙박하지 않아도 레스토랑을 이용할 수 있고요.... ', '자 지금부터 <b>브라더</b> P-Touch 라벨프린터를 소개해보자! P-Touch 라벨프린터 일단 이렇게 생겼다 크기는 성인 남자 손바닥 사이즈 정도이고 누르는건 전원버튼과 테이프 커터 레버 밖에 없어서 조작이 엄청... ', '<b>브라더</b> 감독 신근호 출연 정진운, 조재윤 개봉 2021. 10. 07. &lt;<b>브라더</b>&gt;는 제목과 줄거리부터 &lt;신세계&gt;를 떠올리게 만드는 코드가 있다. 언더커버를 소재로 한다는 점, 잠입한 형사와 조직원의 우정을 그린다는 점에서... '게다가 요즘에는 가성비가 좋은 제품이 많이 있으며 <b>브라더</b> HL-L2360DN은 가성비에 성능까지 갖췄다고... <b>브라더</b> HL-L2360DN은 356 x 360 x 183mm의 컴팩트한 사이즈로 부담 없이 설치할 수 있습니다. 무광 블랙... 드디어 21 문어시즌이 시작되었어요 지난 7월9일 부터 달려달려  7월 14일 <b>브라더</b>피싱 타고 문어선상 다녀왔지요 다른 문어 선상 은 몇번 타보았지만 <b>브라더</b>피싱 문어선상 은 첫 출조 였어요 대방진굴항 에서... 이번 포스팅에서는 그중 내구성 좋기로 유명한 무한잉크 복합기 <b>브라더</b> DCP-T420W 모델을 살펴보려고 합니다. <b>브라더</b> 제품은 무한잉크 유지 비용이 저렴하고 잔고장 없어 제가 늘 추천하는 브랜드에요!... <b>브라더</b> 라벨기 PT-P710BT 후기를 보여드리려고 해요. 곧 신혼 2년 차로 접어들고 있는 새댁이라... ▲ <b>브라더</b> 라벨기 사용하는 영상이에요 :) ♥ 게다가 신랑과 저 둘 다 덜렁이라 물건을 두고 오는 일도 많고... Brother &amp; Brother 강릉 레스토랑 / <b>브라더</b>앤<b>브라더</b> ■ 주소: 강원도 강릉시 교동광장로 100번길 8 더홍씨호텔 강릉 9층 ■ 연락처: 033)641-8012 ■ 영업시간: 오전 11시 30분~밤 10시(브레이크 타임 - 오후 3시~ 오후 5시)... 조급하게 즐기기 보다는 여유있게 즐기려고 더홍씨호텔 9층에 위치한 <b>브라더</b>앤<b>브라더</b>에서 분위기 좋은 곳에서 여유있게 즐겼어요 ^^ <b>브라더</b>앤<b>브라더</b> 레스토랑은 강릉 시내에 위치한 더홍씨호텔 9층 맨... 하면서 <b>브라더</b> 라벨프린터기를 추천해줘서 저도 한번 장만해 봤는데요. 써보니 요게 요게 아주 그냥 자취꿀템이더라구요!!! <b>브라더</b> 라벨프린터 PT-P300BT 155(W) x 68(D) x 115(H) (mm) / 380g 인쇄 해당도 : 180 dpi x 180 dpi... 이번엔 친애하는빅<b>브라더</b> 전시를 관람하러 국립아시아문화전당을 찾았는데요. 문화창조원 입구로... 2021 ACC지역아시아작가전 &lt; 친애하는빅<b>브라더</b> : 다시는 결코 혼자일 수 없음에 대하여 &gt; 예매하기... 그래서 활용도가 높다고 입소문 난 <b>브라더</b> PT-P300BT를 쓰기 시작했는데, 와 진짜 신세계가 따로 없는 거... &quot;At Your Side&quot; 고객 최우선주의라는 모토로 더욱 편리하고 튼튼한 제품을 위해 노력하고 있는 <b>브라더</b>... 강릉 시내 맛집 &quot;<b>브라더</b>앤<b>브라더</b>&quot; 엘리베이터 9층에 내리자마자 보이는 풍경은 바로.. 기분좋은 문구와 예쁜 향초들, 와인들이 아기자기하게 예쁘네요. 호텔에 숙박하지 않아도 레스토랑을 이용할 수 있고요.... "
20210242,쁘띠 마망,2021,2021-10-07,20210242D(디지털),셀린 시아마,프랑스,찬란,"'2021년 열아홉 번째 글은 셀린 시아마 감독의 영화 &lt;<b>쁘띠 마망</b>&gt;에 대해 썼습니다. <b>쁘띠 마망</b> 감독 셀린 시아마 출연 조세핀 산스, 가브리엘 산스 개봉 2021.10.07. 프랑스 리뷰보기 https://youtu.be/nZ7Ikf-UU50 미적대지... ', '저는 베이비 파우더 향이나 코튼 향 좋아하는 편인데 베이비 파우더 향 향수하면 딱 떠오르고 추천하는게 불가리 <b>쁘띠마망</b>이었어요. 베이비파우더 향 향수 불가리 <b>쁘띠마망</b> 키트 소개해 드릴게요. 불가리... ', '<b>쁘띠 마망</b> 감독 셀린 시아마 출연 조세핀 산스, 가브리엘 산스 개봉 2021. 10. 07. https://www.youtube.com/watch?v... 제71회 베를린국제영화제 경쟁부문에 초청받은 셀린 시아마 감독의 신작 &lt;<b>쁘띠 마망</b>&gt;은 여성의 성장과... ', '&lt;<b>쁘띠 마망</b>&gt;(Petit Maman, 2021) 셀린 시아마 감독의 신작 영화 &lt;<b>쁘띠 마망</b>&gt;을 프리미어 상영을 통해 개봉 전 미리 보았습니다. 전작 &lt;타오르는 여인의 초상&gt;이 큰 인기를 얻으면서 셀린 시아마 감독의 이전 장편 영화... ', '시사회를 통해 관람한 바로는 &lt;<b>쁘띠 마망</b>&gt; 역시 강렬하니 말이다. (대신 조금 다른 의미의 강렬함이라 색다르게 느껴질 수 있다는 것은 비밀!) 영화 &lt;쁘디 마망&gt; 정보 - 개봉 : 2021년 10월 7일 - 개요 : 프랑스... ', '없음) <b>쁘띠마망</b>처럼 전문 사진작가님이 찍고 수정해주는 경우가 있었는데 가족사진도 찍을꺼라 수정이 되는 포항 <b>쁘띠마망</b> 예약했죠 주소 : 경북 포항시 남구 상공로 218 좁은 골목에 있더라구요. 주차할 곳은... ', '시사회로 미리 본 영화 &lt;<b>쁘띠마망</b>&gt;(2021)글리뷰입니다 줄거리 외할머니의 유품을 정리하기 위해, 엄마... 성 소수자의 정체성과 여성 서사를 화두로 깊이 있는 이야기를 수놓았던 셀린 시아마 감독은 &lt;<b>쁘띠 마망</b>... ', '&lt;<b>쁘띠 마망</b>&gt; 정보 &amp; 예고편 &lt;<b>쁘띠 마망</b>&gt; 개봉 : 2021.10.07 장르 : 드라마, 판타지 감독 : 셀린 시아마 출연 : 조세핀 산스, 가브리엘 산스 등 나 비밀이 있어. 내 비밀이면서, 네 비밀이기도 해 외할머니의 유품을... ', '영화 제목은 <b>쁘띠 마망</b>입니다. 향수 이름과도 같은 제목이 유독 눈에 띄는데요. 영화 <b>쁘띠 마망</b> 로튼토마토 지수 &amp; 감독에 대한 소개부터 시작해 보겠습니다. 영화 <b>쁘띠 마망</b> 로튼토마토 지수는? 영화 <b>쁘띠 마망</b>... ', '저의 이러한 관심을 알고 언니가 쿤달 트리트먼트와 쿤달 바디로션을 선물해주었고 올리브영에서 시향하다가 질러버린 불가리 <b>쁘띠마망</b>(쁘띠에마망) 향수가 있으니 블로그 리뷰를 작성 안 할 수가! (언니... 'Movie Review 셀린 시아마 감독 신작 &lt;<b>쁘띠 마망</b>&gt; (Petite Maman) &quot;나 비밀이 있어. 내 비밀이면서, 네... 영화 &lt;<b>쁘띠 마망</b>&gt;의 기획 의도에 대해 이렇게 말했다. &lt;타오르는 여인의 초상&gt;(2019)이 국내에서 호평과 함께... 2021년 열아홉 번째 글은 셀린 시아마 감독의 영화 &lt;<b>쁘띠 마망</b>&gt;에 대해 썼습니다. <b>쁘띠 마망</b> 감독 셀린 시아마 출연 조세핀 산스, 가브리엘 산스 개봉 2021.10.07. 프랑스 리뷰보기 https://youtu.be/nZ7Ikf-UU50 미적대지... 저는 베이비 파우더 향이나 코튼 향 좋아하는 편인데 베이비 파우더 향 향수하면 딱 떠오르고 추천하는게 불가리 <b>쁘띠마망</b>이었어요. 베이비파우더 향 향수 불가리 <b>쁘띠마망</b> 키트 소개해 드릴게요. 불가리... <b>쁘띠 마망</b> 감독 셀린 시아마 출연 조세핀 산스, 가브리엘 산스 개봉 2021. 10. 07. https://www.youtube.com/watch?v... 제71회 베를린국제영화제 경쟁부문에 초청받은 셀린 시아마 감독의 신작 &lt;<b>쁘띠 마망</b>&gt;은 여성의 성장과... &lt;<b>쁘띠 마망</b>&gt;(Petit Maman, 2021) 셀린 시아마 감독의 신작 영화 &lt;<b>쁘띠 마망</b>&gt;을 프리미어 상영을 통해 개봉 전 미리 보았습니다. 전작 &lt;타오르는 여인의 초상&gt;이 큰 인기를 얻으면서 셀린 시아마 감독의 이전 장편 영화... 시사회를 통해 관람한 바로는 &lt;<b>쁘띠 마망</b>&gt; 역시 강렬하니 말이다. (대신 조금 다른 의미의 강렬함이라 색다르게 느껴질 수 있다는 것은 비밀!) 영화 &lt;쁘디 마망&gt; 정보 - 개봉 : 2021년 10월 7일 - 개요 : 프랑스... 없음) <b>쁘띠마망</b>처럼 전문 사진작가님이 찍고 수정해주는 경우가 있었는데 가족사진도 찍을꺼라 수정이 되는 포항 <b>쁘띠마망</b> 예약했죠 주소 : 경북 포항시 남구 상공로 218 좁은 골목에 있더라구요. 주차할 곳은... 시사회로 미리 본 영화 &lt;<b>쁘띠마망</b>&gt;(2021)글리뷰입니다 줄거리 외할머니의 유품을 정리하기 위해, 엄마... 성 소수자의 정체성과 여성 서사를 화두로 깊이 있는 이야기를 수놓았던 셀린 시아마 감독은 &lt;<b>쁘띠 마망</b>... &lt;<b>쁘띠 마망</b>&gt; 정보 &amp; 예고편 &lt;<b>쁘띠 마망</b>&gt; 개봉 : 2021.10.07 장르 : 드라마, 판타지 감독 : 셀린 시아마 출연 : 조세핀 산스, 가브리엘 산스 등 나 비밀이 있어. 내 비밀이면서, 네 비밀이기도 해 외할머니의 유품을... 영화 제목은 <b>쁘띠 마망</b>입니다. 향수 이름과도 같은 제목이 유독 눈에 띄는데요. 영화 <b>쁘띠 마망</b> 로튼토마토 지수 &amp; 감독에 대한 소개부터 시작해 보겠습니다. 영화 <b>쁘띠 마망</b> 로튼토마토 지수는? 영화 <b>쁘띠 마망</b>... "
20201748,뫼비우스,2020,2021-10-13,20201748D(디지털),-,한국,주식회사 씨엠닉스,"'<b>뫼비우스</b>의 띠를 보는 것 같아요? 처음에는 시간이 해결해주겠지.. 싶었는데 더 심해지는 악순환이 지속되고 있는걸로 보아 이 상황을 절대로 내버려두면 안되겠더라구요 모공 블랙헤드 고민을 한큐에... ', 'Moebius VIPER mark2 1/72 <b>뫼비우스</b> 바이퍼 마크2 건담 1/72 Nex-6 / iPAD pro 2020 / SAM DT 35mm F1.8 / SEL 28mm F2 Converted &amp; Edit Capture One 20 (for Sony) 01. 조립... 오늘의 포스팅은 처음으로 만들어보는.... <b>뫼비우스</b> 제품이면서..... ', ""제조사의 '<b>뫼비우스</b> (MOEBIUS)'라는 블루투스 이어폰을 소개보려고요. 남편은 이미 타사의 유명브랜드의... <b>뫼비우스</b> 무선이어폰 + 충전케이스 2. USB충전케이블 (5핀) 3. 대중소 세가지 사이즈의 기본형 이어팁 4.... "", '디자인 튜닝 <b>뫼비우스</b> 샤프트는 DX Lite와 DX Pro 두 가지 버전과 스펙으로 출시된 샤프트인데요. DX... #PXG #PXG드라이버 #드라이버샤프트 #디자인튜닝<b>뫼비우스</b> #디자인튜닝샤프트 #좋은샤프트소개... ', 'Giraud), <b>뫼비우스</b>(Mœbius)라는 필명으로 알려진 프랑스 만화가였다. 오토모 가쓰히로의 화풍은 데스카 오사무 이후 일본 현대 만화의 일반적인 스타일과 완전히 달랐다. 그는 <b>뫼비우스</b>로 대표되는 유럽... ', '<b>뫼비우스</b>의 우주는 창세기전3파트2의 또다른 주인공 &quot;베라모드&quot;로 진행되는 새로운 에피소드이다. 전투를 시작하기에 앞서 먼저 메일함을 열어보고 전부 다 열어주면 퀘스트 하나가 생성된다. 퀘스트를 깨러... ', '◈ <b>뫼비우스</b>각인 엑조디아란 무엇인가!? <b>뫼비우스</b> 코어각인인 사고동화의 무한유지에 성공하면 엑조디아완성. 사고동화가 끊기지않고 유지되면 매초 모든 데미지가 증가하며 1분정도 경과하면 피슬 무기스킬... ', '신기한 #<b>뫼비우스</b> 띠 만들기 (교과연계 5학년 - 에너지) - 마지막은 #액체 의 #번짐 #속도 에 대한 실험... 잘리지 않는 신기한 <b>뫼비우스</b>띠 만들기 <b>뫼비우스</b>띠는 초등학교 5학년에 나오는 단원이라고 한다. 나는... ', ""한국,중국,일본의 CMW리더들이 온라인에 모여 아침부터 저녁까지 함께 '<b>뫼비우스</b>데이'를 가진 것. 이... 이번 <b>뫼비우스</b>데이는 정말 뜻깊었는데, 일단 시간마다 준비된 액티비티들이 너무 재미있었고, 대부분... "", '<b>뫼비우스</b>의 띠 부동산 시장의 격언 중에 집을 사고 돈이 남으면 안 된다는 말이 있는데 쉽게 말해 (A)집을 살 때 돈이 남으면 안 되기에 제일 비싸고 좋은 걸 영끌해서 사야 한다는 것이다. 그런데 또 그렇게... 'Moebius VIPER mark2 1/72 <b>뫼비우스</b> 바이퍼 마크2 건담 1/72 Nex-6 / iPAD pro 2020 / SAM DT 35mm F1.8 / SEL 28mm F2 Converted &amp; Edit Capture One 20 (for Sony) 01. 조립... 오늘의 포스팅은 처음으로 만들어보는.... <b>뫼비우스</b> 제품이면서..... <b>뫼비우스</b>의 띠를 보는 것 같아요? 처음에는 시간이 해결해주겠지.. 싶었는데 더 심해지는 악순환이 지속되고 있는걸로 보아 이 상황을 절대로 내버려두면 안되겠더라구요 모공 블랙헤드 고민을 한큐에... Giraud), <b>뫼비우스</b>(Mœbius)라는 필명으로 알려진 프랑스 만화가였다. 오토모 가쓰히로의 화풍은 데스카 오사무 이후 일본 현대 만화의 일반적인 스타일과 완전히 달랐다. 그는 <b>뫼비우스</b>로 대표되는 유럽... 오늘은 소개 드리는 제품은 타이틀리스트 TSi3 드라이버와 디자인 튜닝 <b>뫼비우스</b> 샤프트입니다.... Subject 3 제품 소개 디자인 튜닝 <b>뫼비우스</b> 드라이버 샤프트 &quot;샤프트가 임팩트를 도와준다&quot; &quot;다운스윙을... ◈ <b>뫼비우스</b>각인 엑조디아란 무엇인가!? <b>뫼비우스</b> 코어각인인 사고동화의 무한유지에 성공하면 엑조디아완성. 사고동화가 끊기지않고 유지되면 매초 모든 데미지가 증가하며 1분정도 경과하면 피슬 무기스킬... 신기한 #<b>뫼비우스</b> 띠 만들기 (교과연계 5학년 - 에너지) - 마지막은 #액체 의 #번짐 #속도 에 대한 실험... 잘리지 않는 신기한 <b>뫼비우스</b>띠 만들기 <b>뫼비우스</b>띠는 초등학교 5학년에 나오는 단원이라고 한다. 나는... <b>뫼비우스</b>의 우주는 창세기전3파트2의 또다른 주인공 &quot;베라모드&quot;로 진행되는 새로운 에피소드이다. 전투를 시작하기에 앞서 먼저 메일함을 열어보고 전부 다 열어주면 퀘스트 하나가 생성된다. 퀘스트를 깨러... 한국,중국,일본의 CMW리더들이 온라인에 모여 아침부터 저녁까지 함께 '<b>뫼비우스</b>데이'를 가진 것. 이... 이번 <b>뫼비우스</b>데이는 정말 뜻깊었는데, 일단 시간마다 준비된 액티비티들이 너무 재미있었고, 대부분... <b>뫼비우스</b>의 띠 부동산 시장의 격언 중에 집을 사고 돈이 남으면 안 된다는 말이 있는데 쉽게 말해 (A)집을 살 때 돈이 남으면 안 되기에 제일 비싸고 좋은 걸 영끌해서 사야 한다는 것이다. 그런데 또 그렇게... <b>뫼비우스</b>의 띠 나카자와 신이치는 인간의 유동적 지성과 경계를 설명하기 위해 <b>뫼비우스</b>의 띠를 불러온다. 학자들 역시 비유의 귀재들이다. 비유에 탁월한 사람들이 쓴 책은 훌륭하다. 전혀 관련없어 보이는 두... "
20218052,베놈 2: 렛 데어 비 카니지,2021,2021-10-13,"20218052D(디지털)
20218052F(4D)
20218052I(IMAX)
202180523(ScreenX)
202180526(DOLBYCINEMA)",앤디 서키스,미국,소니픽쳐스엔터테인먼트코리아주식회사극장배급지점,"'<b>베놈2</b> <b>렛 데어 비 카니지</b> 언론 비평가들의 반응이 공개되었습니다 몇몇 비평가들이 <b>베놈2</b> <b>렛 데어 비 카니지</b> 영화에 대한 첫 반응을 소셜 미디어에서 공개하였으며 앤디 서키스의 속편을 즐길 준비가 된 것... ', '베놈 2 렛 데어 비 카니지&gt; 속 메인과 서브 빌런에 대해 알아보도록 하겠습니다. 일주일 뒤 돌아올게요. ▣ 이미지 출처 : 네이버 × 예고편 캡처 ▣ 북미 개봉일 정보 : 2021년 9월 24일 <b>베놈 2: 렛 데어 비 카니지</b>... ', '영화 <b>베놈2</b> 예고편 https://youtu.be/-ezfi6FQ8Ds 우리가 가장 궁금한 건 과연 영화 <b>베놈2</b> <b>렛 데어비 카니지</b>가 R 등급으로 나올 것인가, 1편이 15세였는데 2편이 과연 R 등급으로 갈 수 있을까요. 개인적인 생각은 계속... ', '<b>베놈 2: 렛 데어 비 카니지</b> 감독 앤디 서키스 출연 톰 하디, 미셸 윌리엄스 개봉 Invalid date 이렇게 관련... 예정인 베놈 렛 데어 비 카니지를 기존의 9월24일에서 10월15일로 잠정 연기한다고 발표하였다. 최근에... ', '<b>베놈2</b> <b>렛 데어 비 카니지</b> 영화전단지 까보기 바로 시작 하겠습니다. 개인취향이 커서 그린저, 딱히 보고 싶다는 생각이 들지 않았던 영화라 <b>베놈</b> 1편도 아직 보지 못했습니다. 후속편 개봉을 하니 전편 찾아서... ', '히어로 베놈 앞에 사상 최악의 빌런 카니지가 나타나 대혼돈의 시대를 예고하면서 그와 피할 수 없는 대결을 그린 영화 &lt;<b>베놈 2: 렛 데어 비 카니지</b>&gt;가 15세 관람가를 확정지었습니다. 1편이 15세 등급이었으니... ', '비주얼만 봐도 그렇지만 이미 충분히 기괴한 베놈보다도 월등히 강한데 이 카니지를 어떻게 상대해 나갈 것인가가 &lt;<b>베놈 2: 렛 데어 비 카니지</b>&gt;의 주요 관전 포인트가 될 것으로 보인다. 물론 전작의 평가가 그리... ', '새로운 예고편을 공개한 [<b>베놈 2: 렛 데어 비 카니지</b>] 소니에서 만든 야심작으로 이번엔 감독을 바꿔서... 게다가 이번 베놈 2 에서는 스파이더맨과 협업을 한다는 이야기가 들리면서 팬들을 더 기쁘게 만들었다.... ', '이미지 준비중 <b>베놈 2: 렛 데어 비 카니지</b> 감독 앤디 서키스 출연 톰 하디, 미셸 윌리엄스 개봉 미개봉 <b>베놈 2 : 렛 데어 비 카니지</b>는 루벤 플레셔 감독이 연출했던 전작과 달리 모션 캡처 장인 배우로 유명한... ', '전작은 딱히 부제를 붙이지 않았는데 베놈2는 부제가 달렸다. 렛 데어 비 카니지. 2020년에 나올 영화였지만 코로나 때문에 연기되었고, 2021년 9월에 개봉할 예정이다. <b>베놈 2: 렛 데어 비 카니지</b> 감독 앤디... '<b>베놈2</b> <b>렛 데어 비 카니지</b> 언론 비평가들의 반응이 공개되었습니다 몇몇 비평가들이 <b>베놈2</b> <b>렛 데어 비 카니지</b> 영화에 대한 첫 반응을 소셜 미디어에서 공개하였으며 앤디 서키스의 속편을 즐길 준비가 된 것... 베놈 2 렛 데어 비 카니지&gt; 속 메인과 서브 빌런에 대해 알아보도록 하겠습니다. 일주일 뒤 돌아올게요. ▣ 이미지 출처 : 네이버 × 예고편 캡처 ▣ 북미 개봉일 정보 : 2021년 9월 24일 <b>베놈 2: 렛 데어 비 카니지</b>... 영화 <b>베놈2</b> 예고편 https://youtu.be/-ezfi6FQ8Ds 우리가 가장 궁금한 건 과연 영화 <b>베놈2</b> <b>렛 데어비 카니지</b>가 R 등급으로 나올 것인가, 1편이 15세였는데 2편이 과연 R 등급으로 갈 수 있을까요. 개인적인 생각은 계속... <b>베놈 2: 렛 데어 비 카니지</b> 감독 앤디 서키스 출연 톰 하디, 미셸 윌리엄스 개봉 Invalid date 이렇게 관련... 예정인 베놈 렛 데어 비 카니지를 기존의 9월24일에서 10월15일로 잠정 연기한다고 발표하였다. 최근에... <b>베놈2</b> <b>렛 데어 비 카니지</b> 영화전단지 까보기 바로 시작 하겠습니다. 개인취향이 커서 그린저, 딱히 보고 싶다는 생각이 들지 않았던 영화라 <b>베놈</b> 1편도 아직 보지 못했습니다. 후속편 개봉을 하니 전편 찾아서... 히어로 베놈 앞에 사상 최악의 빌런 카니지가 나타나 대혼돈의 시대를 예고하면서 그와 피할 수 없는 대결을 그린 영화 &lt;<b>베놈 2: 렛 데어 비 카니지</b>&gt;가 15세 관람가를 확정지었습니다. 1편이 15세 등급이었으니... 비주얼만 봐도 그렇지만 이미 충분히 기괴한 베놈보다도 월등히 강한데 이 카니지를 어떻게 상대해 나갈 것인가가 &lt;<b>베놈 2: 렛 데어 비 카니지</b>&gt;의 주요 관전 포인트가 될 것으로 보인다. 물론 전작의 평가가 그리... 새로운 예고편을 공개한 [<b>베놈 2: 렛 데어 비 카니지</b>] 소니에서 만든 야심작으로 이번엔 감독을 바꿔서... 게다가 이번 베놈 2 에서는 스파이더맨과 협업을 한다는 이야기가 들리면서 팬들을 더 기쁘게 만들었다.... 이미지 준비중 <b>베놈 2: 렛 데어 비 카니지</b> 감독 앤디 서키스 출연 톰 하디, 미셸 윌리엄스 개봉 미개봉 <b>베놈 2 : 렛 데어 비 카니지</b>는 루벤 플레셔 감독이 연출했던 전작과 달리 모션 캡처 장인 배우로 유명한... 전작은 딱히 부제를 붙이지 않았는데 베놈2는 부제가 달렸다. 렛 데어 비 카니지. 2020년에 나올 영화였지만 코로나 때문에 연기되었고, 2021년 9월에 개봉할 예정이다. <b>베놈 2: 렛 데어 비 카니지</b> 감독 앤디... "
20210580,푸른 호수,2021,2021-10-13,20210580D(디지털),저스틴 전,미국,유니버설픽쳐스인터내셔널 코리아(유),"'▶ 영화 <b>푸른 호수</b> 정보 → 감독/각본 저스틴 전 → 개봉일 2021년 10월 13일 → 장르 드라마 → 국가 미국... 영화 <b>푸른 호수</b>는 시민권이 없다는 사실을 30년 만에 알게 된 한 남자의 가족을 지키기 위한 뜨거운... ', '<b>푸른 호수</b> 감독 저스틴 전 출연 저스틴 전, 알리시아 비칸데르, 시드니 코왈스키, 마크 오브라이언 개봉... 오늘 소개해 드릴 영화는 한국계 미국인 저스틴 전 감독의 신작 영화&lt;<b>푸른 호수</b>&gt;입니다. 공개된 영화의... ', '[위드인뉴스 김영식] 2021년 가장 강렬한 울림을 선사할 영화 &lt;<b>푸른 호수</b>&gt;가 미국 내 입양인들이 처한... 작품 &lt;<b>푸른 호수</b>&gt;가 강제 추방 위기에 처한 남자 ‘안토니오(저스틴 전)’와 그를 지키고 싶은 아내... ', ""올해 칸 영화제에 초청되어 일찍이 강렬한 인상을 남겼던 화제작 &lt;<b>푸른 호수</b>&gt;입니다. 10월 13일 개봉을... 영화 '<b>푸른 호수</b>'는? 미국인도 한국인도 될 수 없는 한 남자의 가족을 지키기 위한 뜨거운 분투를 담은... "", '영화 &lt;<b>푸른 호수</b>&gt; 메인 포스터 저스틴 전 X 알리시아 비칸데르 주연, 2021년 가장 강렬한 울림을 전할 영화 &lt;<b>푸른 호수</b>&gt; 영화 &lt;<b>푸른 호수</b>&gt; 스틸 이미지 영화정보 제목: <b>푸른 호수</b> (Blue Bayou) 감독: 저스틴 전 출연... ', '<b>푸른 호수</b> Blue Bayou, 2021 &quot;나는 미국인도 한국인도 아닙니다&quot;라는 문구가 강렬한 인상을 심어주는 영화... 아름다운 호수가 있는 새로운 곳으로 이야기 무대를 옮겨왔다. 마치 익숙하지 않은 곳에서 새로운 삶을... ', 'Movie Preview 2021 가장 강렬한 울림 &lt;<b>푸른 호수</b>&gt; (Blue Bayou) &quot;나는 미국인도 한국인도 아닙니다&quot; 가족을... 영화 &lt;<b>푸른 호수</b>&gt;가 10월 13일로 개봉일을 확정 지었다. 칸영화제에서 “지금 일어나고 있는 우리의... ', '5점 [제목: <b>푸른 호수</b> | 원제: Blue Bayou | 감독/ 각본: 저스틴 전 | 출연: 저스틴 전, 알리시아 비칸데르... 그린 &lt;<b>푸른 호수</b>&gt;에서 연기부터 연출까지 뛰어난 재능으로 전 세계 영화계의 이목을 집중시킨 저스틴 전과... ', '영화 제목은 <b>푸른 호수</b>입니다. 영화 <b>푸른 호수</b> 예고편 영상 &amp; 줄거리 소개부터 시작해 보겠습니다. 영화 <b>푸른 호수</b> 메인 예고편 영상 https://tv.naver.com/v/22481445 강제 추방 위기 클립 영상 https://tv.naver.com/v/22503973... ', '<b>푸른호수</b> 수족관 12:30~20:00 일요일 휴무 포항시 북구 양덕로44번길 20 몇년째 집에서 구피와... 그래서 부랴부랴 길 위에서 수족관을 검색해봅니다 그래서 <b>푸른호수</b> 수족관을 알게됐고 수족관을 향해 바로... '▶ 영화 <b>푸른 호수</b> 정보 → 감독/각본 저스틴 전 → 개봉일 2021년 10월 13일 → 장르 드라마 → 국가 미국... 영화 <b>푸른 호수</b>는 시민권이 없다는 사실을 30년 만에 알게 된 한 남자의 가족을 지키기 위한 뜨거운... <b>푸른 호수</b> 감독 저스틴 전 출연 저스틴 전, 알리시아 비칸데르, 시드니 코왈스키, 마크 오브라이언 개봉... 오늘 소개해 드릴 영화는 한국계 미국인 저스틴 전 감독의 신작 영화&lt;<b>푸른 호수</b>&gt;입니다. 공개된 영화의... [위드인뉴스 김영식] 2021년 가장 강렬한 울림을 선사할 영화 &lt;<b>푸른 호수</b>&gt;가 미국 내 입양인들이 처한... 작품 &lt;<b>푸른 호수</b>&gt;가 강제 추방 위기에 처한 남자 ‘안토니오(저스틴 전)’와 그를 지키고 싶은 아내... 올해 칸 영화제에 초청되어 일찍이 강렬한 인상을 남겼던 화제작 &lt;<b>푸른 호수</b>&gt;입니다. 10월 13일 개봉을... 영화 '<b>푸른 호수</b>'는? 미국인도 한국인도 될 수 없는 한 남자의 가족을 지키기 위한 뜨거운 분투를 담은... 영화 &lt;<b>푸른 호수</b>&gt; 메인 포스터 저스틴 전 X 알리시아 비칸데르 주연, 2021년 가장 강렬한 울림을 전할 영화 &lt;<b>푸른 호수</b>&gt; 영화 &lt;<b>푸른 호수</b>&gt; 스틸 이미지 영화정보 제목: <b>푸른 호수</b> (Blue Bayou) 감독: 저스틴 전 출연... <b>푸른 호수</b> Blue Bayou, 2021 &quot;나는 미국인도 한국인도 아닙니다&quot;라는 문구가 강렬한 인상을 심어주는 영화... 아름다운 호수가 있는 새로운 곳으로 이야기 무대를 옮겨왔다. 마치 익숙하지 않은 곳에서 새로운 삶을... Movie Preview 2021 가장 강렬한 울림 &lt;<b>푸른 호수</b>&gt; (Blue Bayou) &quot;나는 미국인도 한국인도 아닙니다&quot; 가족을... 영화 &lt;<b>푸른 호수</b>&gt;가 10월 13일로 개봉일을 확정 지었다. 칸영화제에서 “지금 일어나고 있는 우리의... 5점 [제목: <b>푸른 호수</b> | 원제: Blue Bayou | 감독/ 각본: 저스틴 전 | 출연: 저스틴 전, 알리시아 비칸데르... 그린 &lt;<b>푸른 호수</b>&gt;에서 연기부터 연출까지 뛰어난 재능으로 전 세계 영화계의 이목을 집중시킨 저스틴 전과... 영화 제목은 <b>푸른 호수</b>입니다. 영화 <b>푸른 호수</b> 예고편 영상 &amp; 줄거리 소개부터 시작해 보겠습니다. 영화 <b>푸른 호수</b> 메인 예고편 영상 https://tv.naver.com/v/22481445 강제 추방 위기 클립 영상 https://tv.naver.com/v/22503973... <b>푸른호수</b> 수족관 12:30~20:00 일요일 휴무 포항시 북구 양덕로44번길 20 몇년째 집에서 구피와... 그래서 부랴부랴 길 위에서 수족관을 검색해봅니다 그래서 <b>푸른호수</b> 수족관을 알게됐고 수족관을 향해 바로... "
20203824,노회찬6411,2020,2021-10-14,20203824D(디지털),민환기,한국,(주)리틀빅픽쳐스,"'&lt;<b>노회찬 6411</b>&gt;은 명필름과 시네마6411, 평등하고 공정한 나라 노회찬재단이 공동제작했다. 연출은 민환기 감독이 맡았다. 개봉일은 다음달 14일, 상영관은 전국 각지 메가박스다. 영화는 용접공 자격증을... ', '[영화정보] 제 목 <b>노회찬6411</b> 감 독 민환기 출 연 노회찬 제 작 명필름 / 시네마6411 공 동 제 작 평등하고 공정한나라 노회찬재단 배 급 리틀빅픽처스 / 시네마6411 개 봉 2021년 10월 14일 [시놉시스] 노회찬 의원... ', '영화 &lt;<b>노회찬 6411</b>&gt;이 세상에 나옵니다. 이 영화를 통해 그를 사랑했던 모든 분들이 그를 추억하지 않고 기억하기를 바랍니다. 그의 삶이 과거가 아니라 현재가 되기를 소망합니다. 여전히 변하지 않는 6411... ', ""보러 가는 날'로 일정표에 체크해 놓으세요~~ 아, 그리고 이 영화는 영화 마지막 1만 2천명의 이름이 엔딩크레딧으로 올라갑니다. 이것으로도 기록을 세울 것 같네요^^ #노회찬.#명필름.#<b>노회찬6411</b>"", '제 목 <b>노회찬6411</b> 감 독 민환기 출 연 노회찬 제 작 명필름 / 시네마6411 공 동 제 작 평등하고 공정한나라 노회찬재단 배 급 리틀빅픽처스 / 시네마6411 개 봉 2021년 10월 14일 &lt;<b>노회찬 6411</b>&gt; 예고편 관람 후... ', '(<b>노회찬</b>) <b>6411</b>번 버스라고 있습니다. 서울시 구로구 가로수 공원에서 출발해서 강남을 거쳐서 개포동 주공 2단지까지 대략 2시간 정도 걸리는 노선버스입니다. 내일 아침에도 이 버스는 새벽 4시 정각에... ', '악기 하나 정도는 다룰 수 있는 사회를 꿈꿨던 사람 지금 더욱 그리운 이름 노회찬의 진짜 이야기가 시작된다! #노회찬3주기 #첫번째다큐멘터리 #민환기감독 #<b>노회찬6411</b> #10월14일대개봉 #진보의아이콘노회찬의원', '노 의원 3주기(7월23일)를 맞아, 그의 삶을 담은 다큐멘터리 &lt;<b>노회찬 6411</b>&gt;이 만들어졌다. 공동제작자인 명필름·시네마6411·노회찬재단은 “용접공에서 진보 정치인이 되기까지, 우리가 몰랐던 노회찬의... ', ""노회찬 의원의 ‘사이다 멘트 영상’ 10월 14일 개봉을 확정한 '<b>노회찬6411</b>'이 촌철살인의 대가 노회찬 의원의 ‘사이다 멘트 영상’을 공개했다. 故노회찬 의원 3주기, 첫 번째 다큐멘터리 영화 '<b>노회찬6411</b>'이... "", '“나는 여기서 멈추지만, 여러분은 당당히 앞으로 나아가길 바란다&quot; 인간 노회찬이 전하는 깊은 울림 예고! &lt;<b>노회찬6411</b>&gt; 메인 예고편 공개 이벤트 [<b>노회찬6411</b>_기본정보] 장르: 다큐멘터리 감독... '&lt;<b>노회찬 6411</b>&gt;은 명필름과 시네마6411, 평등하고 공정한 나라 노회찬재단이 공동제작했다. 연출은 민환기 감독이 맡았다. 개봉일은 다음달 14일, 상영관은 전국 각지 메가박스다. 영화는 용접공 자격증을... [영화정보] 제 목 <b>노회찬6411</b> 감 독 민환기 출 연 노회찬 제 작 명필름 / 시네마6411 공 동 제 작 평등하고 공정한나라 노회찬재단 배 급 리틀빅픽처스 / 시네마6411 개 봉 2021년 10월 14일 [시놉시스] 노회찬 의원... 영화 &lt;<b>노회찬 6411</b>&gt;이 세상에 나옵니다. 이 영화를 통해 그를 사랑했던 모든 분들이 그를 추억하지 않고 기억하기를 바랍니다. 그의 삶이 과거가 아니라 현재가 되기를 소망합니다. 여전히 변하지 않는 6411... 보러 가는 날'로 일정표에 체크해 놓으세요~~ 아, 그리고 이 영화는 영화 마지막 1만 2천명의 이름이 엔딩크레딧으로 올라갑니다. 이것으로도 기록을 세울 것 같네요^^ #노회찬.#명필름.#<b>노회찬6411</b>제 목 <b>노회찬6411</b> 감 독 민환기 출 연 노회찬 제 작 명필름 / 시네마6411 공 동 제 작 평등하고 공정한나라 노회찬재단 배 급 리틀빅픽처스 / 시네마6411 개 봉 2021년 10월 14일 &lt;<b>노회찬 6411</b>&gt; 예고편 관람 후... (<b>노회찬</b>) <b>6411</b>번 버스라고 있습니다. 서울시 구로구 가로수 공원에서 출발해서 강남을 거쳐서 개포동 주공 2단지까지 대략 2시간 정도 걸리는 노선버스입니다. 내일 아침에도 이 버스는 새벽 4시 정각에... 악기 하나 정도는 다룰 수 있는 사회를 꿈꿨던 사람 지금 더욱 그리운 이름 노회찬의 진짜 이야기가 시작된다! #노회찬3주기 #첫번째다큐멘터리 #민환기감독 #<b>노회찬6411</b> #10월14일대개봉 #진보의아이콘노회찬의원노 의원 3주기(7월23일)를 맞아, 그의 삶을 담은 다큐멘터리 &lt;<b>노회찬 6411</b>&gt;이 만들어졌다. 공동제작자인 명필름·시네마6411·노회찬재단은 “용접공에서 진보 정치인이 되기까지, 우리가 몰랐던 노회찬의... 노회찬 의원의 ‘사이다 멘트 영상’ 10월 14일 개봉을 확정한 '<b>노회찬6411</b>'이 촌철살인의 대가 노회찬 의원의 ‘사이다 멘트 영상’을 공개했다. 故노회찬 의원 3주기, 첫 번째 다큐멘터리 영화 '<b>노회찬6411</b>'이... “나는 여기서 멈추지만, 여러분은 당당히 앞으로 나아가길 바란다&quot; 인간 노회찬이 전하는 깊은 울림 예고! &lt;<b>노회찬6411</b>&gt; 메인 예고편 공개 이벤트 [<b>노회찬6411</b>_기본정보] 장르: 다큐멘터리 감독... "
20210578,색다른 그녀,2021,2021-10-14,20210578D(디지털),김진영,한국,(주)이놀미디어,"'10월 &lt;<b>색다른 그녀</b>&gt; 10월 개봉 확정 &amp; 보도 스틸 공개! 평범한 일상에 찾아온 그녀! 여자친구 ‘지연’과 결혼을 약속하고 미래를 꿈꾸던 완벽한 남자 ‘완준’에게 남모를 비밀이 생기고 이를 ‘예리’에게... ', ""시선에서 색다른 리액션이 없을까 해서 선생님과 이야기하면서 칼같이 가버리는 완준을 보고 장난삼아... 뿌듯합니다ㅎㅎ -'<b>색다른 그녀</b>' 속 자신의 모습에 만족하는지와 실제 배우님과 예리의 싱크로율이... "", ""7월 문화가있는 날 in 문경, <b>색다른</b> 연극 ‘<b>그녀</b>가 산다' 온라인 공연! 소식 전해드립니다. 7월 문화가 있는 날! <b>색다른</b> 코드의 코믹반전스릴러, 연극 ‘<b>그녀</b>가 산다’ 온라인 공연 2021년 문화가... "", '로맨틱 코미디 &lt;<b>색다른 그녀</b>&gt;가 10월 14일 개봉을 확정하고 유쾌함이 돋보이는 메인 예고편을 공개했다. 영화 &lt;<b>색다른 그녀</b>&gt;는 여자친구 ‘지연’과 결혼을 약속하고 미래를 꿈꾸던 완벽한 남자 ‘완준’에게... ', '개성 넘치는 남녀들의 이색 로맨틱 코미디 <b>색다른 그녀</b>가 오는 10월 개봉을 확정지었다. 영화 <b>색다른 그녀</b>는 완벽주의자 완준(한상혁)과 그의 여자친구 지연(김찬미) 그리고 완준을 짝사랑하는 예리(장성윤)의... ', '코미디의 대가 김진영 영화감독 2021년 영화 ‘<b>색다른 그녀</b>’ 개봉 예정 아트21 엔터테인먼트 총괄... 작가 ‘<b>색다른 그녀</b>’의 각본을 맡아 영화 마파도 2 Tv조선 드라마 어쩌다 가족 스카이TV 예능 애로부부... ', '뚜렷한 <b>그녀</b>들의 사랑 그리고 인생 이야기가 여러분을 찾아갑니다 애적이상생활 coming soon 제목... 쿨한 <b>그녀</b> 원루쉐, 지적이면서도 차가운 센 언니 딩후이차오, 마지막으로 나이는 어리지만 경험은... ', ""로코영화 '<b>색다른 그녀</b>' 빅스 혁 x AOA 찬미 IHQ 와 스카이티비, 박스미디어가 공동제작하는 영화 <b>색다른 그녀</b>! 김진영 감독님의 연출 영화로 영화 아기와나, 청담보살, 위험한 상견례, 음치클리닉 등을... "", ""영화 '<b>색다른 그녀</b>'로 만난다.29일 소속사 FNC엔터테인먼트 측 관계자는 본지에 찬미가 '색다른 ... _____ 배인혁, 서현진과 호흡할까 &quot;'왜 오수재인가' 출연 검토 중&quot; [공식입장] 배우 배인혁이 '왜 오수재인가... "", '영화 <b>색다른 그녀</b> 촬영장 젤리피쉬가 색다른 남자 배우 한상혁을 응원합니다. 폭염에 고생하시는 스탭 배우님들을 위한 커피차 정말 당일 날씨가 장난 아니었습니다. 커피차 도착하니 스탭 배우님들 너무... '그녀가 배송되었다?!’라는 카피와 함께 거대한 선물 상자가 영화의 전개에 어떤 영향을 줄지 기대감을 고조시킨다. 다음으로 공개된 메인 예고편에서는 완벽한 남자 ‘완준’에게 찾아온 <b>색다른 그녀</b>로... 10월 &lt;<b>색다른 그녀</b>&gt; 10월 개봉 확정 &amp; 보도 스틸 공개! 평범한 일상에 찾아온 그녀! 여자친구 ‘지연’과 결혼을 약속하고 미래를 꿈꾸던 완벽한 남자 ‘완준’에게 남모를 비밀이 생기고 이를 ‘예리’에게... 우먼센스 영화 <b>색다른 그녀</b> 김진영 영화감독, PD 출생 1967. 6. 12. 서울특별시, 쌍둥이자리, 양띠 나이 55세, 만54세 소속 아트21(총괄사장) 가족 배우자 박정숙 아트21엔터테인먼트 www.art21southkorea.com시선에서 색다른 리액션이 없을까 해서 선생님과 이야기하면서 칼같이 가버리는 완준을 보고 장난삼아... 뿌듯합니다ㅎㅎ -'<b>색다른 그녀</b>' 속 자신의 모습에 만족하는지와 실제 배우님과 예리의 싱크로율이... 7월 문화가있는 날 in 문경, <b>색다른</b> 연극 ‘<b>그녀</b>가 산다' 온라인 공연! 소식 전해드립니다. 7월 문화가 있는 날! <b>색다른</b> 코드의 코믹반전스릴러, 연극 ‘<b>그녀</b>가 산다’ 온라인 공연 2021년 문화가... 로맨틱 코미디 &lt;<b>색다른 그녀</b>&gt;가 10월 14일 개봉을 확정하고 유쾌함이 돋보이는 메인 예고편을 공개했다. 영화 &lt;<b>색다른 그녀</b>&gt;는 여자친구 ‘지연’과 결혼을 약속하고 미래를 꿈꾸던 완벽한 남자 ‘완준’에게... 새로운 스타일의 로맨스 코미디 코미디의 대가 김진영 영화감독 2021년 영화 ‘<b>색다른 그녀</b>’ 개봉... 작가 ‘<b>색다른 그녀</b>’의 각본을 맡아 영화 마파도 2 Tv조선 드라마 어쩌다 가족 스카이TV 예능... 개성 넘치는 남녀들의 이색 로맨틱 코미디 <b>색다른 그녀</b>가 오는 10월 개봉을 확정지었다. 영화 <b>색다른 그녀</b>는 완벽주의자 완준(한상혁)과 그의 여자친구 지연(김찬미) 그리고 완준을 짝사랑하는 예리(장성윤)의... 뚜렷한 <b>그녀</b>들의 사랑 그리고 인생 이야기가 여러분을 찾아갑니다 애적이상생활 coming soon 제목... 쿨한 <b>그녀</b> 원루쉐, 지적이면서도 차가운 센 언니 딩후이차오, 마지막으로 나이는 어리지만 경험은... 로코영화 '<b>색다른 그녀</b>' 빅스 혁 x AOA 찬미 IHQ 와 스카이티비, 박스미디어가 공동제작하는 영화 <b>색다른 그녀</b>! 김진영 감독님의 연출 영화로 영화 아기와나, 청담보살, 위험한 상견례, 음치클리닉 등을... "
20210304,스페이스 독 3: 트로피컬 어드벤처,2020,2021-10-14,"20210304D(디지털)
20210304T(디지털 더빙)",이나 예블라니코바,러시아,(주)박수엔터테인먼트,"'ABOUT MOVIE 제 목_ <b>스페이스 독 3: 트로피컬 어드벤처</b> 원 제_ Space Dogs: Tropical Adventure 감 독_ 이나 예블라니코바 수입/배급_ BoXoo 엔터테인먼트 장 르_ 스페이스 어드벤처 애니메이션 등 급_ 전체 관람가 러닝... ', ""판타지 <b>어드벤처</b> '백설공주'가 온라인 점령은 물론 지난 주말 거리 곳곳을 장악, 그야말로... 7040 <b>스페이스 독</b> 2만 관객 돌파풀어진얼굴12-03-26-주말 흥행파워를 이어간 <b>스페이스 독</b>, 주중에도 예매 열기... "", '[전단/낱장](12.03.22) <b>스페이스 독</b> 댓글 0 …―• 전단/―• 전단 2012년 2012. <b>3</b>. 20. 세르게이 가르마쉬... 애니메이션, <b>어드벤처</b>, 코미디 | 러시아 | 106 분 | 2012-03-22 공유하기 글 요소 저작자표시 비영리... ', 'INFORMATION 제 목 _ <b>스페이스 독</b> 2 장 르 _ <b>스페이스</b> <b>어드벤처</b> 애니메이션 수 입 _ 에이원엔터테인먼트 공동 제공 _ KBS 미디어 배 급 _ ㈜지어소프트 감 <b>독</b> _ 알렉산더 크람스토프, 이나에블라니코바 상영 시간 _ 75분... ', '디즈니랜드에서는 미키, 미니, 도널드 <b>독</b> 등 클래식한 디즈니 캐릭터들을 직접 만나볼 수... <b>스페이스</b> 마운틴 Space Mountain <b>3</b>. 인디아나 존스 Indiana Jones 캘리포니아 <b>어드벤처</b> 추천 라이드 BEST <b>3</b> 1. 미키... ', '대서사 <b>어드벤처</b> 물이다. 영화 &lt;미나리&gt;의 투자 배급사로 유명세를 얻은 A21의 신작 &lt;그린 나이트... 등장했고 &lt;<b>스페이스</b> 잼 2&gt;, &lt;스네이크 아이즈&gt; 등이 그 뒤를 이어 순위권에 이름을 올렸다. 금주의 북미... ', '풀/<b>독</b> 엽록소* 풀의맹세 광합성 솔라빔 오물폭탄 리자드 불꽃 선파워* 불꽃의맹세 용의파동 버티기 연옥... 니드퀸 <b>독</b>/땅 독가시 열사의대지 베놈쇼크 애교부리기 섀도볼 니드킹 <b>독</b>/땅 투쟁심 10만마력 불꽃펀치... ', '우천시에도 운행 : 로터리파크 4D시어터, 로봇배틀킹, 라바를 찾아서, 라바 <b>스페이스</b> <b>어드벤처</b>, 라바... 색달비치라는 <b>트로피컬</b>한 컬러의 칵테일을 마시고 싶었지만 밤에는 품절되서 마시지 못하는 칵테일이... ', '19 / CJ) 13억 45,511,250원 23위 극장판 도라에몽 : 진구와 기적의 섬 애니멀 <b>어드벤처</b> (2012.7.25... 11 / SONY &amp; 월트디즈니 코리아) 3억 65,356,000원 29위 <b>스페이스 독</b> (2012.<b>3</b>.22 / 예지림) 2억 82,088... ', ""아쿠아리움', '<b>어드벤처</b> 코브 워터파크', '돌핀 아일랜드' 등 다양한 공원과 체험시설을 갖추고 있는데, 이곳에서는 하나하나의 공원을 통째로 어트랙션이라고 부르고, 각 공원 내의 즐길 거리에는... ""ABOUT MOVIE 제 목_ <b>스페이스 독 3: 트로피컬 어드벤처</b> 원 제_ Space Dogs: Tropical Adventure 감 독_ 이나 예블라니코바 수입/배급_ BoXoo 엔터테인먼트 장 르_ 스페이스 어드벤처 애니메이션 등 급_ 전체 관람가 러닝... 판타지 <b>어드벤처</b> '백설공주'가 온라인 점령은 물론 지난 주말 거리 곳곳을 장악, 그야말로... 7040 <b>스페이스 독</b> 2만 관객 돌파풀어진얼굴12-03-26-주말 흥행파워를 이어간 <b>스페이스 독</b>, 주중에도 예매 열기... [전단/낱장](12.03.22) <b>스페이스 독</b> 댓글 0 …―• 전단/―• 전단 2012년 2012. <b>3</b>. 20. 세르게이 가르마쉬... 애니메이션, <b>어드벤처</b>, 코미디 | 러시아 | 106 분 | 2012-03-22 공유하기 글 요소 저작자표시 비영리... INFORMATION 제 목 _ <b>스페이스 독</b> 2 장 르 _ <b>스페이스</b> <b>어드벤처</b> 애니메이션 수 입 _ 에이원엔터테인먼트 공동 제공 _ KBS 미디어 배 급 _ ㈜지어소프트 감 <b>독</b> _ 알렉산더 크람스토프, 이나에블라니코바 상영 시간 _ 75분... 디즈니랜드에서는 미키, 미니, 도널드 <b>독</b> 등 클래식한 디즈니 캐릭터들을 직접 만나볼 수... <b>스페이스</b> 마운틴 Space Mountain <b>3</b>. 인디아나 존스 Indiana Jones 캘리포니아 <b>어드벤처</b> 추천 라이드 BEST <b>3</b> 1. 미키... 대서사 <b>어드벤처</b> 물이다. 영화 &lt;미나리&gt;의 투자 배급사로 유명세를 얻은 A21의 신작 &lt;그린 나이트... 등장했고 &lt;<b>스페이스</b> 잼 2&gt;, &lt;스네이크 아이즈&gt; 등이 그 뒤를 이어 순위권에 이름을 올렸다. 금주의 북미... 풀/<b>독</b> 엽록소* 풀의맹세 광합성 솔라빔 오물폭탄 리자드 불꽃 선파워* 불꽃의맹세 용의파동 버티기 연옥... 니드퀸 <b>독</b>/땅 독가시 열사의대지 베놈쇼크 애교부리기 섀도볼 니드킹 <b>독</b>/땅 투쟁심 10만마력 불꽃펀치... 우천시에도 운행 : 로터리파크 4D시어터, 로봇배틀킹, 라바를 찾아서, 라바 <b>스페이스</b> <b>어드벤처</b>, 라바... 색달비치라는 <b>트로피컬</b>한 컬러의 칵테일을 마시고 싶었지만 밤에는 품절되서 마시지 못하는 칵테일이... 19 / CJ) 13억 45,511,250원 23위 극장판 도라에몽 : 진구와 기적의 섬 애니멀 <b>어드벤처</b> (2012.7.25... 11 / SONY &amp; 월트디즈니 코리아) 3억 65,356,000원 29위 <b>스페이스 독</b> (2012.<b>3</b>.22 / 예지림) 2억 82,088... 아쿠아리움', '<b>어드벤처</b> 코브 워터파크', '돌핀 아일랜드' 등 다양한 공원과 체험시설을 갖추고 있는데, 이곳에서는 하나하나의 공원을 통째로 어트랙션이라고 부르고, 각 공원 내의 즐길 거리에는... "
20217508,실: 인연의 시작,2020,2021-10-14,20217508D(디지털),제제 다카히사,일본,(주)디스테이션,"'한눈에 서로의 상처를 알아보고 보듬어주며 두 사람의 <b>인연</b>이 <b>시작</b>된다. 함께 있어 즐거웠던 시간도 잠시 ‘아오이’ 가족이 쫓기듯 떠나면서 헤어지고 만다. “운명의 <b>실</b>’이 있다고 생각해” ‘아오이’... ', ""<b>실: 인연의 시작</b> 감독 제제 타카히사 출연 스다 마사키, 고마츠 나나 개봉 2021. 10. 14. 오랜만에 시사회... 그러나 그 소중한 인연의 실 팔찌를 간직하고 있었던 '렌'과 아오이는 8년 만에 운명처럼 재회하게 되죠!... "", '영화 &lt;<b>실: 인연의 시작</b>&gt;입니다. 열두 살 어린 나이에 서로의 첫사랑으로 만난 렌(스다 마사키)과... 그렇게 끝난 줄만 알았던 두 사람의 인연이 다시 시작된 것은 그로부터 8년 후. 어릴 적 아오이가 준... ', '<b>실: 인연의 시작</b> 감독 제제 타카히사 출연 스다 마사키, 고마츠 나나 개봉 2021. 10. 14. 와, 이 포스터는 정말 아쉽다.. 특히 남주 헤어 ★★★★☆ 영화 &lt;<b>실: 인연의 시작</b>&gt; 코마츠 나나의 연기와 은근한 캐릭터... ', '<b>실: 인연의 시작</b> 감독 제제 타카히사 출연 스다 마사키, 고마츠 나나 개봉 2021.10.14. 일본 평점 리뷰보기 제제 타카히사 감독이 연출한 &lt;<b>실:인연의 시작</b>&gt;은 89년 레이와 시대에 태어난 두 남녀의 엇갈린 관계를... ', '연기호흡으로 &lt; <b>실: 인연의</b> 시간 &gt;에서도 첫사랑으로 <b>시작</b>된 운명적인 로맨스를 그려내며 올 가을에 관객들에게 설렘과 감동을 선사해 준다 운명적인 <b>인연</b>으로 만난 아오이와 렌의 긴 시간을 이어지는 엇갈림과... ', ""첫사랑으로 만나 결혼까지 해 평생을 함께 하는 인연도 있을 것이고, 만나고 헤어지고를 반복하는 사이... &lt;<b>실: 인연의 시작</b>&gt;은 제목에서부터 '실'이라는 소재를 내세우고 있습니다. 공개된 론칭 예고편에서나... "", ""한눈에 서로의 상처를 알아보고 보듬어주며 두 사람의 인연이 시작된다. 함께 있어 즐거웠던 시간도... 붉은 실'로 이어진 '인연'에 대한 이야기를 풀어낸 '<b>실 :인연의 시작</b>'이 10월 14일 개봉을 앞두고... "", '“‘운명의 실’이란 거 말이야 진짜 있다고 생각해” &lt;<b>실: 인연의 시작</b>&gt; 10월 14일 개봉 확정! 메인... 모습으로 시작해 이목을 집중시킨다. 성인이 되어 다시 만난 첫사랑 ‘아오이’에게 “그때 못 지켜줘서... ', '‘糸’(실)이 어우러져 두 사람의 만남을 더욱 특별하게 만들며 기대감을 증폭시킨다. &lt;<b>실: 인연의 시작</b>&gt;은 현재 일본 20대 배우를 대표하는 톱스타 스다 마사키와 고마츠 나나가 서로의 첫사랑 ‘렌’과... '하지만 중요한 모티브는 그 시대를 관통하는 인연, 즉 제목처럼 실이다. 그렇다보니 멜로로 포지션을... 고로 '<b>실: 인연의 시작</b>'은 고전적인 멜로의 방식을 끼얹어 헤이세이 시대를 조심스레 정리하는 성격의... 한눈에 서로의 상처를 알아보고 보듬어주며 두 사람의 <b>인연</b>이 <b>시작</b>된다. 함께 있어 즐거웠던 시간도 잠시 ‘아오이’ 가족이 쫓기듯 떠나면서 헤어지고 만다. “운명의 <b>실</b>’이 있다고 생각해” ‘아오이’... <b>실: 인연의 시작</b> 감독 제제 타카히사 출연 스다 마사키, 고마츠 나나 개봉 2021. 10. 14. 오랜만에 시사회... 그러나 그 소중한 인연의 실 팔찌를 간직하고 있었던 '렌'과 아오이는 8년 만에 운명처럼 재회하게 되죠!... 영화 &lt;<b>실: 인연의 시작</b>&gt;입니다. 열두 살 어린 나이에 서로의 첫사랑으로 만난 렌(스다 마사키)과... 그렇게 끝난 줄만 알았던 두 사람의 인연이 다시 시작된 것은 그로부터 8년 후. 어릴 적 아오이가 준... 그래서, 오늘 오후 7시 30분에 CGV 용산으로 &lt;<b>실: 인연의 시작</b>&gt;을 보고 왔습니다. 활기를 띄는 용산 cgv와 해당 영화 티켓입니다. :) 이렇게 이벤트도 열고 있었네요. :) 영화 &lt;<b>실: 인연의 시작</b>&gt;의 장면 바늘을... <b>실: 인연의 시작</b> 감독 제제 타카히사 출연 스다 마사키, 고마츠 나나 개봉 2021. 10. 14. 와, 이 포스터는 정말 아쉽다.. 특히 남주 헤어 ★★★★☆ 영화 &lt;<b>실: 인연의 시작</b>&gt; 코마츠 나나의 연기와 은근한 캐릭터... <b>실: 인연의 시작</b> 감독 제제 타카히사 출연 스다 마사키, 고마츠 나나 개봉 2021.10.14. 일본 평점 리뷰보기 제제 타카히사 감독이 연출한 &lt;<b>실:인연의 시작</b>&gt;은 89년 레이와 시대에 태어난 두 남녀의 엇갈린 관계를... 연기호흡으로 &lt; <b>실: 인연의</b> 시간 &gt;에서도 첫사랑으로 <b>시작</b>된 운명적인 로맨스를 그려내며 올 가을에 관객들에게 설렘과 감동을 선사해 준다 운명적인 <b>인연</b>으로 만난 아오이와 렌의 긴 시간을 이어지는 엇갈림과... 첫사랑으로 만나 결혼까지 해 평생을 함께 하는 인연도 있을 것이고, 만나고 헤어지고를 반복하는 사이... &lt;<b>실: 인연의 시작</b>&gt;은 제목에서부터 '실'이라는 소재를 내세우고 있습니다. 공개된 론칭 예고편에서나... 한눈에 서로의 상처를 알아보고 보듬어주며 두 사람의 인연이 시작된다. 함께 있어 즐거웠던 시간도... 붉은 실'로 이어진 '인연'에 대한 이야기를 풀어낸 '<b>실 :인연의 시작</b>'이 10월 14일 개봉을 앞두고... "
20200302,십개월의 미래,2020,2021-10-14,"20200302D(디지털)
20200302E(디지털 영문자막)",남궁선,한국,그린나래미디어(주),"'정신 차려 보니 임신 11주, 인생 최대 혼돈과 맞닥뜨린 29살 게임 개발자 ‘미래’의 이야기를 담은 남궁선 감독의 데뷔작 &lt;<b>십개월의 미래</b>&gt;가 제41회 미국 하와이국제영화제 ‘Spotlight on Korea(스포트라이트... ', ""2021 TURTLE PICK 10 : - <b>십개월의 미래</b> (Ten Months) 서서히 선선해져감과 동시에 '부산국제영화제'가 열리는... 제시하고 미래의 십개월은 빠른 속도로 흘러간다. 기대포인트1: 2021 라이징스타 '최성은' 배우의 연기변신... "", '미래너머의 카오스 <b>십개월의 미래</b> 2020, 95분, 대한민국, 2021년 10월 14일 개봉 2020 전주국제영화제 코리안... 2 “난 죽고 아이는 사는거야” [십개월]은 미래가 임신 사실을 알고난 후부터 아이를 낳기까지의 약... ', ""'<b>십개월의 미래</b>'는 정신 차려 보니 임신 10주, 인생 최대 혼돈과 맞닥뜨린 29살 프로그램 개발자 '미래'의 이야기를 담은 남궁선 감독의 데뷔작이다. 이 작품은 10월 26일부터 11월 2일까지 8일 간 프랑스... "", '정신 차려 보니 임신 10주, 인생 최대 혼돈과 맞닥뜨린 29살 프로그램 개발자 ‘미래’의 십개월을 담은 남궁선 감독의 데뷔작 &lt;<b>십개월의 미래</b>&gt; &lt;<b>십개월의 미래</b>&gt;는 제21회 전주국제영화제를 시작으로, 제46회... ', '영화 &lt;<b>십개월의 미래</b>&gt;는 정신 차려 보니 임신 10주, 인생 최대 혼돈과 맞닥뜨린 29살 프로그램 개발자의 십개월을 담은 작품입니다. 이 영화는 미쟝센단편영화제 최우수상을 수상한 남궁선 감독의 장편... ', '영화 &quot;<b>십개월의 미래</b>&quot;가 10월 14일 개봉을 예고하며 포스터와 티저예고 영상을 공개해 화재를 모으고... 제시하고 미래의 십개월은 빠른 속도로 흘러간다. 【 a movie story 】 여느때와 같은 일상을 보내고 있는... ', ""[서울국제여성영화제 상영작] '<b>십개월의 미래</b>' / Ten Months [씨네리와인드｜이하늘 리뷰어] 다가오는... 하지만 결국 미래는 ‘십개월’이라는 현재를 보내고 아이를 출산한다. 그 과정 속, 강인함과 뱃속의... "", ""영화 [<b>십개월의 미래</b>] 티저 예고편 : '괴물' 최성은, 백현진, 서영주, 고영찬 : 2021.10.14 : 십개월 “나는 세상을 바꿀 프로그램 개발자, 29살 ‘최미래’ 그런데 어느 날 이름 앞에 몇 글자가 더... "", '무비월드’는 매주 토요일 오전 11시에 방송된다. 장필구 ********@***********.**.** #영화 #접속무비월드 #영화십개월이미래 #<b>십개월의미래</b> #아버지의길 #졸트 #언힌지드 #윤 #스파이더맨노웨이홈 #죄많은소녀'정신 차려 보니 임신 11주, 인생 최대 혼돈과 맞닥뜨린 29살 게임 개발자 ‘미래’의 이야기를 담은 남궁선 감독의 데뷔작 &lt;<b>십개월의 미래</b>&gt;가 제41회 미국 하와이국제영화제 ‘Spotlight on Korea(스포트라이트... 2021 TURTLE PICK 10 : - <b>십개월의 미래</b> (Ten Months) 서서히 선선해져감과 동시에 '부산국제영화제'가 열리는... 제시하고 미래의 십개월은 빠른 속도로 흘러간다. 기대포인트1: 2021 라이징스타 '최성은' 배우의 연기변신... 미래너머의 카오스 <b>십개월의 미래</b> 2020, 95분, 대한민국, 2021년 10월 14일 개봉 2020 전주국제영화제 코리안... 2 “난 죽고 아이는 사는거야” [십개월]은 미래가 임신 사실을 알고난 후부터 아이를 낳기까지의 약... '<b>십개월의 미래</b>'는 정신 차려 보니 임신 10주, 인생 최대 혼돈과 맞닥뜨린 29살 프로그램 개발자 '미래'의 이야기를 담은 남궁선 감독의 데뷔작이다. 이 작품은 10월 26일부터 11월 2일까지 8일 간 프랑스... 정신 차려 보니 임신 10주, 인생 최대 혼돈과 맞닥뜨린 29살 프로그램 개발자 ‘미래’의 십개월을 담은 남궁선 감독의 데뷔작 &lt;<b>십개월의 미래</b>&gt; &lt;<b>십개월의 미래</b>&gt;는 제21회 전주국제영화제를 시작으로, 제46회... 영화 &lt;<b>십개월의 미래</b>&gt;는 정신 차려 보니 임신 10주, 인생 최대 혼돈과 맞닥뜨린 29살 프로그램 개발자의 십개월을 담은 작품입니다. 이 영화는 미쟝센단편영화제 최우수상을 수상한 남궁선 감독의 장편... 영화 &quot;<b>십개월의 미래</b>&quot;가 10월 14일 개봉을 예고하며 포스터와 티저예고 영상을 공개해 화재를 모으고... 제시하고 미래의 십개월은 빠른 속도로 흘러간다. 【 a movie story 】 여느때와 같은 일상을 보내고 있는... '최악의 미래'로.. 게시물 좋아요+ &quot;<b>십개월의 미래</b>&quot;의 기대평과 함께 블로그/페이스북 등 개인 SNS 주소와 성함, 연락처를 댓글로 남겨주세요. 추첨을 통해 시사회 초대권을 드립니다.... [서울국제여성영화제 상영작] '<b>십개월의 미래</b>' / Ten Months [씨네리와인드｜이하늘 리뷰어] 다가오는... 하지만 결국 미래는 ‘십개월’이라는 현재를 보내고 아이를 출산한다. 그 과정 속, 강인함과 뱃속의... 영화 [<b>십개월의 미래</b>] 티저 예고편 : '괴물' 최성은, 백현진, 서영주, 고영찬 : 2021.10.14 : 십개월 “나는 세상을 바꿀 프로그램 개발자, 29살 ‘최미래’ 그런데 어느 날 이름 앞에 몇 글자가 더... "
20218500,졸트,2021,2021-10-14,20218500D(디지털),타니아 웩슬러,미국,(주)제이앤씨미디어그룹,"'Jolt <b>졸트</b> 정보 출연진 케이트 베킨세일 (린디) 스탠리 투치 (닥터 프로이트) 제이 코트니 (저스틴) 바비 카나베일 (비카스 형사) 래번 콕스 (네빈 여형사) 목소리가 이상해서 찾아 보니 역시나 트랜스젠더다. #<b>졸트</b>... ', '카니지&gt;, &lt;<b>졸트</b>&gt;, &lt;듄&gt; 등 화려한 라인업으로 무장한 10월 개봉작 라인업이 화제를 모으고 있다. 10월 6일... 선사할 &lt;<b>졸트</b>&gt;, 초특급 라인업으로 화제를 모으고 있는 &lt;듄&gt; 등 매주 극장가를 들썩이게 만들 화려한... ', '▶ 소문의 시작 &lt;<b>졸트</b>&gt; 2021 (연출 : 타니아 웩슬러 / 출연 : 케이트 베킨세일, 스탠리 투치) 사랑하는 남친을 잃은 그녀. 더 이상의 통제는 필요 없다. 제대로 돌아버린 자. 그녀의 숨은 능력이 깨어난다! 백만... ', ""<b>졸트</b>(Jolt, 2021) 10월에 개봉하는 영화 중에서 오랜만에 반가운 배우 한 명이 눈에 보이더군요, &lt;언더월드&gt; 시리즈로 유명한 '케이트 베킨세일'의 액션 영화 &lt;<b>졸트</b>&gt;입니다. 아마존 프라임 오리지널 영화 &lt;<b>졸트</b>&gt; 영화... "", '2편 영화의 병풍 역활이자 폴른을 막을 수 있게 해준 일등공신 <b>졸트</b>! 가격으로 말이 많긴 많아도 정발 속도가 빨라서 일단 바로 질렀습니다 ㅠㅠ 트랜스포머 SS <b>졸트</b> 트랜스포머 : 리벤지 오브 더 폴른 와! 드디어... ', '시커 <b>졸트</b>기능을 가지고 있어서 사용하기 편리합니다. 무엇보다 요즘 소비자들이 중요하게 생각하는... 시커 <b>졸트</b>기능은 약 800회를 사용할 수 있습니다. 실제적으로 필드에서 사용환경을 보면, 티 박스에서 1... ', ""아마존 프라임의 영화 '<b>졸트</b>(JOLT)' 후기입니다. 개인적으로 <b>졸트</b>라고 하니 괜히 안젤리나 졸리가 연상이 되는 영화이기도 한데요. 여성 주인공이 까부수는? 면에 있어서는 졸리의 액션 영화를 생각나게도... "", '<b>졸트</b> Jolt 미국 / 액션, 코미디 / 2021 영화 정보 아마존 오리지널 무비 감독은 타냐 웩슬러라는 여성... 영화 <b>졸트</b>의 줄거리는 어릴적부터 차원이 다른 심각한 분노조절장애가 있어서 평범하게 자라지 못한 주인공... ', '안녕하세요 커비입니다 :) 아마존프라임에서 볼게 뭐 있나 싶어 찾아보니 케이트 베킨세일 주연인 <b>졸트</b>(jolt)가 있었습니다. 예고편도 확인 안하고 그냥 바로 시청했습니다. 진짜 확인해볼걸.. <b>졸트</b> Jolt <b>졸트</b>... ', '영화 <b>졸트</b> Jolt 후기, 쿠키영상 / 케이트 베킨세일, 아마존 프라임 여행자제이 &lt;스포일러가 있습니다... <b>졸트</b> 평점 6.5 (작품 6, 재미 7) 예고편 이미지 준비중 <b>졸트</b> 감독 타니아 웩슬러 출연 케이트 베킨세일, 제이... 'Jolt <b>졸트</b> 정보 출연진 케이트 베킨세일 (린디) 스탠리 투치 (닥터 프로이트) 제이 코트니 (저스틴) 바비 카나베일 (비카스 형사) 래번 콕스 (네빈 여형사) 목소리가 이상해서 찾아 보니 역시나 트랜스젠더다. #<b>졸트</b>... 있는 &lt;<b>졸트</b>&gt;가 극강의 카타르시스를 선사하는 메인 예고편을 공개해 화제다. &lt;<b>졸트</b>&gt;는 사랑하는 남친을 잃은 그녀가 숨겨왔던 특별한 능력을 꺼내 통제 불가 짜릿한 복수에 나서는 액션 영화. 공개된 메인... 카니지&gt;, &lt;<b>졸트</b>&gt;, &lt;듄&gt; 등 화려한 라인업으로 무장한 10월 개봉작 라인업이 화제를 모으고 있다. 10월 6일... 선사할 &lt;<b>졸트</b>&gt;, 초특급 라인업으로 화제를 모으고 있는 &lt;듄&gt; 등 매주 극장가를 들썩이게 만들 화려한... ▶ 소문의 시작 &lt;<b>졸트</b>&gt; 2021 (연출 : 타니아 웩슬러 / 출연 : 케이트 베킨세일, 스탠리 투치) 사랑하는 남친을 잃은 그녀. 더 이상의 통제는 필요 없다. 제대로 돌아버린 자. 그녀의 숨은 능력이 깨어난다! 백만... <b>졸트</b>(Jolt, 2021) 10월에 개봉하는 영화 중에서 오랜만에 반가운 배우 한 명이 눈에 보이더군요, &lt;언더월드&gt; 시리즈로 유명한 '케이트 베킨세일'의 액션 영화 &lt;<b>졸트</b>&gt;입니다. 아마존 프라임 오리지널 영화 &lt;<b>졸트</b>&gt; 영화... 시커 <b>졸트</b>기능을 가지고 있어서 사용하기 편리합니다. 무엇보다 요즘 소비자들이 중요하게 생각하는... 시커 <b>졸트</b>기능은 약 800회를 사용할 수 있습니다. 실제적으로 필드에서 사용환경을 보면, 티 박스에서 1... 2편 영화의 병풍 역활이자 폴른을 막을 수 있게 해준 일등공신 <b>졸트</b>! 가격으로 말이 많긴 많아도 정발 속도가 빨라서 일단 바로 질렀습니다 ㅠㅠ 트랜스포머 SS <b>졸트</b> 트랜스포머 : 리벤지 오브 더 폴른 와! 드디어... 아마존 프라임의 영화 '<b>졸트</b>(JOLT)' 후기입니다. 개인적으로 <b>졸트</b>라고 하니 괜히 안젤리나 졸리가 연상이 되는 영화이기도 한데요. 여성 주인공이 까부수는? 면에 있어서는 졸리의 액션 영화를 생각나게도... <b>졸트</b> Jolt 미국 / 액션, 코미디 / 2021 영화 정보 아마존 오리지널 무비 감독은 타냐 웩슬러라는 여성... 영화 <b>졸트</b>의 줄거리는 어릴적부터 차원이 다른 심각한 분노조절장애가 있어서 평범하게 자라지 못한 주인공... 안녕하세요 커비입니다 :) 아마존프라임에서 볼게 뭐 있나 싶어 찾아보니 케이트 베킨세일 주연인 <b>졸트</b>(jolt)가 있었습니다. 예고편도 확인 안하고 그냥 바로 시청했습니다. 진짜 확인해볼걸.. <b>졸트</b> Jolt <b>졸트</b>... "
20210173,킬링 오브 투 러버스,2020,2021-10-14,20210173D(디지털),-,캐나다,(주)영화특별시에스엠씨,"'올린 &lt;<b>킬링 오브 투 러버스</b>&gt;는 &lt;더 마이너스&gt;(2018)를 통해 성공적인 협업을 보여준 로버트 맥호이안... 점은 &lt;<b>킬링 오브 투 러버스</b>&gt;의 놓쳐서는 안 될 관람 포인트. 뿐만 아니라, 감독은 “와이드샷으로 찍은... ', '영화 [<b>킬링 오브 투 러버스</b>] 메인 예고편(한글) : 클레인 크로포드 : 2021.10 : 로맨스 ‘니키’와 서로 다른 사람을 만나는 것에 동의하고 별거 중인 ‘데이빗’은 우연히 아내의 연인 ‘데릭’의... ', ""<b>킬링 오브 투 러버스</b> 장르: 멜로, 로맨스/미국 감독: 로버트 맥호이안 출연: 클레인 크로포드, 세피데 모아피, 크리스 코이 2021.10 '<b>킬링 오브 투 러버스</b>'(감독 로버트 맥호이안)는 다수의 단편을 통해... "", 'com/culturebloom/1360247 &lt;<b>킬링 오브 투 러버스</b>&gt; 최초 리뷰어 시사 이벤트 (CGV용산아이파크몰 - 9/30) # 시사 일정 : 9/30 (목) 오후 8시 # 시사 장소 : CGV 용산 아이파크몰 닉네임... ', '<b>킬링 오브 투 러버스</b> 감독 로버트 맥호이안 출연 클레인 크로포드, 크리스 코이, 세피데 모아피 개봉 Invalid date PickMovie :: &lt;<b>킬링 오브 투 러버스</b>&gt; 정보 및 예고편 소개 감독 : 로버트... ', '영화정보 개요 멜로/로맨스ㅣ캐나다ㅣ 84분 연출 로버트 맥호이안 출연 클레인 크로포드, 세피데 모아피, 크리스 코이 영화등급 12세 관람가 ‘니키’와 서로 다른 사람을 만나는 것에 동의하고 별거 중인... ', 'http://tv.naver.com/v/22686943?openType=nmp #<b>킬링오브투러버스</b> 메인 예고편', '', '', ''영화 &lt;<b>킬링 오브 투 러버스</b>&gt; 시사회장에서 영화 시사회 <b>킬링 오브 투 러버스</b> 용산 HDC 아이파크몰에 있는 CGV를 통하여 시사회를 다녀왔는데요 10월에 개봉되는 영화로서 시사회로는 최초라고 합니다 티켓을... 고로 '<b>킬링 오브 투 러버스</b>'는 작은 마을에서 살고 있는 점점 좁아진 부부의 심리적 관계이자 위기를... 아직도 킬링과 투 러버스가 남았기 때문이다. 화면 밖으로 슬그머니 수상한 트럭이 빠져나가듯이. 아직... 올린 &lt;<b>킬링 오브 투 러버스</b>&gt;는 &lt;더 마이너스&gt;(2018)를 통해 성공적인 협업을 보여준 로버트 맥호이안... 점은 &lt;<b>킬링 오브 투 러버스</b>&gt;의 놓쳐서는 안 될 관람 포인트. 뿐만 아니라, 감독은 “와이드샷으로 찍은... 영화 [<b>킬링 오브 투 러버스</b>] 메인 예고편(한글) : 클레인 크로포드 : 2021.10 : 로맨스 ‘니키’와 서로 다른 사람을 만나는 것에 동의하고 별거 중인 ‘데이빗’은 우연히 아내의 연인 ‘데릭’의... &lt;<b>킬링 오브 투 러버스</b>, 2021&gt; The Killing of Two Lovers 미국, 드라마, 84분, 12세 감독 : 로버트 매코이언... 블루라벨픽쳐스 &lt; #<b>킬링오브투러버스</b> 시놉시스&gt; 서로의 마음을 반드시 갖고 싶은 세 연인의 사랑할수록... <b>킬링 오브 투 러버스</b> 장르: 멜로, 로맨스/미국 감독: 로버트 맥호이안 출연: 클레인 크로포드, 세피데 모아피, 크리스 코이 2021.10 '<b>킬링 오브 투 러버스</b>'(감독 로버트 맥호이안)는 다수의 단편을 통해... com/culturebloom/1360247 &lt;<b>킬링 오브 투 러버스</b>&gt; 최초 리뷰어 시사 이벤트 (CGV용산아이파크몰 - 9/30) # 시사 일정 : 9/30 (목) 오후 8시 # 시사 장소 : CGV 용산 아이파크몰 닉네임... <b>킬링 오브 투 러버스</b> 감독 로버트 맥호이안 출연 클레인 크로포드, 크리스 코이, 세피데 모아피 개봉 Invalid date PickMovie :: &lt;<b>킬링 오브 투 러버스</b>&gt; 정보 및 예고편 소개 감독 : 로버트... ‘니키’와 서로 다른 사람을 만나는 것에 동의하고 별거 중인 ‘데이빗’은 우연히 아내의 연인 ‘데릭’의 존재를 알게 된 후 참을 수 없는 분노를 느낀다. 한편, 결혼과 육아로 단절되어버린 꿈을 이루기 위해... 영화정보 개요 멜로/로맨스ㅣ캐나다ㅣ 84분 연출 로버트 맥호이안 출연 클레인 크로포드, 세피데 모아피, 크리스 코이 영화등급 12세 관람가 ‘니키’와 서로 다른 사람을 만나는 것에 동의하고 별거 중인... "
20210575,3대 테너: 영원한 목소리,2020,2021-10-20,"20210575D(디지털)
20210575G(디지털 4K)",장 알렉산더 느티비하브와,독일,(주)케빈앤컴퍼니,"'또한 <b>3대 테너 : 영원한 목소리</b> (Three Tenors: Voices For Eternity)라는 다큐영화로 2020년에 제작되기도 했다.... 또한 ’3대 테너는 서커스이다. 3명의 테너, 3개의 딸랑이였다.‘라고 악평을... 심지어는 ’클래식... ', '이탈리아의 故루치아노·파바로티(Luciano Pavarotti)와 함께 세계<b>3대 테너</b>가수로 불린다. 3명 모두 각각 다른 개성을 지니고 있는 가운데 도밍고는 달콤한 <b>목소리</b>와 드라마틱한 표현이... ', '다양한 <b>목소리</b>를 쓸 수 있도록 많은 도움을 주었죠”라고 말했다. 모린 과의 작업이... 루치아노 파바로티 (Luciano Pavarotti), 호세 까레라스 (Jose Carreras) 등과 세계 <b>3대 테너</b>... ', '맑은 <b>목소리</b>의 모린 맥거번(Maureen McGovern)이 부른 추억의 팝송 <b>영원한</b> 사랑(A Love Until The End Of Time)!! 스페인에서 태어나 1961년에 오페라 <b>테너</b>가수로 데뷔한 ‘플라시도... ', 'A ♥ Until The End Of Time (<b>영원한</b> 사랑) / Placido Domingo &amp; Maureen Mcgovern I love you with a heart... * 이 곡은 세계 <b>3대 테너</b> 중 한 사람인 Placido Domingo의 힘있고 감미로운 <b>목소리</b>와... ', '세계 ‘<b>3대 테너</b>’로 불려온 플라시도 도밍고(왼쪽), 호세 카레라스(가운데), 루치아노 파바로티... 교수는 “<b>목소리</b>의 기술이 가장 완벽한 <b>테너</b>일 뿐만 아니라 굉장히 소탈하고 서민적인 훌륭한 분이었는데... ', '세계<b>3대 테너</b> 플라시도 도밍고가 함께부른 perhaps love는 언제들어도 감미로움을... 노래는 계속해서 사랑을 받고 있지만 안타깝게도 이 곡을 부른 마운팅 씽어 존덴버의 <b>목소리</b>는... ', '맑은 <b>목소리</b>의 모린 맥거번(Maureen McGovern)이 부른 추억의 팝송 A Love Until The End Of Time <b>영원한</b> 사랑!! 1941년 스페인에서 태어나 1961년에 오페라 <b>테너</b>가수로 데뷔한 ‘플라시도... ', '끝날까지 <b>영원한</b> 사랑 루치아노 파바로티, 호세 카레라스와 함께 세계 <b>3대 테너</b> 중의... A Love Until The End Of Time 이 곡은 클래식하고 부드러운 <b>목소리</b>를 가진 플라시도 도밍고와... ', '‘ <b>영원한</b> 사랑 ’, ‘ 사랑은 이세상 끝까지 ’ 등의 제목으로 번역되어 소개되었다 . <b>목소리</b>의 조화는 물론 화음까지 잘 어울려 이주 사랑스럽고 아름다운 곡이다 . 음악듣기 : https... '또한 <b>3대 테너 : 영원한 목소리</b> (Three Tenors: Voices For Eternity)라는 다큐영화로 2020년에 제작되기도 했다.... 또한 ’3대 테너는 서커스이다. 3명의 테너, 3개의 딸랑이였다.‘라고 악평을... 심지어는 ’클래식... 이탈리아의 故루치아노·파바로티(Luciano Pavarotti)와 함께 세계<b>3대 테너</b>가수로 불린다. 3명 모두 각각 다른 개성을 지니고 있는 가운데 도밍고는 달콤한 <b>목소리</b>와 드라마틱한 표현이... 다양한 <b>목소리</b>를 쓸 수 있도록 많은 도움을 주었죠”라고 말했다. 모린 과의 작업이... 루치아노 파바로티 (Luciano Pavarotti), 호세 까레라스 (Jose Carreras) 등과 세계 <b>3대 테너</b>... 맑은 <b>목소리</b>의 모린 맥거번(Maureen McGovern)이 부른 추억의 팝송 <b>영원한</b> 사랑(A Love Until The End Of Time)!! 스페인에서 태어나 1961년에 오페라 <b>테너</b>가수로 데뷔한 ‘플라시도... A ♥ Until The End Of Time (<b>영원한</b> 사랑) / Placido Domingo &amp; Maureen Mcgovern I love you with a heart... * 이 곡은 세계 <b>3대 테너</b> 중 한 사람인 Placido Domingo의 힘있고 감미로운 <b>목소리</b>와... 세계 ‘<b>3대 테너</b>’로 불려온 플라시도 도밍고(왼쪽), 호세 카레라스(가운데), 루치아노 파바로티... 교수는 “<b>목소리</b>의 기술이 가장 완벽한 <b>테너</b>일 뿐만 아니라 굉장히 소탈하고 서민적인 훌륭한 분이었는데... 세계<b>3대 테너</b> 플라시도 도밍고가 함께부른 perhaps love는 언제들어도 감미로움을... 노래는 계속해서 사랑을 받고 있지만 안타깝게도 이 곡을 부른 마운팅 씽어 존덴버의 <b>목소리</b>는... 맑은 <b>목소리</b>의 모린 맥거번(Maureen McGovern)이 부른 추억의 팝송 A Love Until The End Of Time <b>영원한</b> 사랑!! 1941년 스페인에서 태어나 1961년에 오페라 <b>테너</b>가수로 데뷔한 ‘플라시도... 끝날까지 <b>영원한</b> 사랑 루치아노 파바로티, 호세 카레라스와 함께 세계 <b>3대 테너</b> 중의... A Love Until The End Of Time 이 곡은 클래식하고 부드러운 <b>목소리</b>를 가진 플라시도 도밍고와... ‘ <b>영원한</b> 사랑 ’, ‘ 사랑은 이세상 끝까지 ’ 등의 제목으로 번역되어 소개되었다 . <b>목소리</b>의 조화는 물론 화음까지 잘 어울려 이주 사랑스럽고 아름다운 곡이다 . 음악듣기 : https... "
20210489,경고,2020,2021-10-20,20210489D(디지털),-,영국,(주)태양미디어그룹,"'투자<b>경고</b>) #한국비엔씨주가 는 연휴전 49750원으로 마감 3개월 기준 최고가 5만원 3개월 기준 최저가... 그런지 #투자<b>경고</b> 종목이 되었다 왜인지 거래량과 더불어 등락률등을 보면 8월 말만해도 2만원... ', '이러한 주식 투자<b>경고</b>종목이 왜 지정이되는 것이며 매수를 해도 되는 것인지? 어떠한 점을 눈여겨 봐야 하는지 꼼꼼하게 따져보도록 하겠습니다. 알고 매수해야지 투자<b>경고</b>종목이란? 주가가 5일간 75% 또는... ', '한은이 요즘 #부동산시장 #집값전망 이나 <b>경고</b>의 시그널을 계속 보내고 있습니다. 한은의 부동산 집값전망 <b>경고</b> 틀린 이야기는 아닌데 저 정도로 실물경제에 영향을 미친다면 상당히 큰 문제로 갑니다. 어쨌거나... ', '데이터로 알 수 있는 2030년 지구의 <b>경고</b> 저자 후마 겐지 출판 큰그림 발매 2021.09.07. 데이터로 알 수 있는 2030 지구의 <b>경고</b>! 제목만 봐도 내용을 짐작 가능할 만큼 너무 귀에 익은 단어 지구의 <b>경고</b>! 요즘은 책을... ', '공모주 상장 후 주식 VI발동 투자<b>경고</b>종목 지정예고 공모주 상장 후 주식 VI발동 그리고 투자<b>경고</b>종목 지정예고 공모주 투자를 시작하면서 책으로만 읽었던 주식공부 관련 용어들을 직접 경험하면서 배우게... ', '미국 재닛 옐런 재무장관이 미국 부채한도 도달에 따른 디폴트를 <b>경고</b>했다. 결론적으로 미국의... 그에 따라 원화의 가치는 옐런의 <b>경고</b>와 함께 하락세를 보이고 있다. 원화가치 하락으로 환율은 급등하는... ', '또는 오래전부터 서서히 <b>경고</b>를 해주었음에도 우리가 눈치를 채지 못 하고 방치하였을 수도 있죠. 서서히 <b>경고</b>를 해주었으나 우리가 방치하게 된 대표적인 퇴행성 무릎관절염, 무릎인공관절수술을 통해 치료가... ', '과열됐다고 <b>경고</b>했다. 그는 미국 주식 시장이 1929년 대공황과 2000년 닷컴 버블보다도 심각한 거품이... 모른다며 <b>경고</b>를 이어갔다. 밈 주식(온라인 언급으로 급등한 종목), 스팩(기업인수목적회사·SPAC)... ', ""지금 샀다간…&quot; 전문가의 <b>경고</b> 최근 정부는 '도심주택공급 확대 및 아파트 공급속도 제공방안'을 발표했습니다. 요지는 원룸형 아파트인 도시형 생활주택의 기존 전용면적 50㎡ 이하를 60㎡로 완화, 방을... "", '환절기에는 역시 순정 튜닝이죠 쏘나타 DN8 후측방충돌<b>경고</b> 옵션 빠진 차량이 플레이앤드에 입고되어... 후측방 <b>경고</b>등이 없습니다 일반 거울이 끼워져 있어요 해당 부품들이 다 빠져 있습니다. 그래서 먼저... '것이라 <b>경고</b>했다. 현지시각으로 28일, 미국 언론매체의 보도에 따르면 옐런 장관은 민주당과 공화당 의회 지도부에 이같이 강력한 <b>경고</b>성 서한을 보낸 것으로 알려졌다. 옐런 장관은 10월 18일이 되면... 투자<b>경고</b>) #한국비엔씨주가 는 연휴전 49750원으로 마감 3개월 기준 최고가 5만원 3개월 기준 최저가... 그런지 #투자<b>경고</b> 종목이 되었다 왜인지 거래량과 더불어 등락률등을 보면 8월 말만해도 2만원... 데이터로 알 수 있는 2030년 지구의 <b>경고</b> 저자 후마 겐지 출판 큰그림 발매 2021.09.07. 데이터로 알 수 있는 2030 지구의 <b>경고</b>! 제목만 봐도 내용을 짐작 가능할 만큼 너무 귀에 익은 단어 지구의 <b>경고</b>! 요즘은 책을... 뒤에 설명할 투자<b>경고</b>종목 지정 후 2일 간 20% 이상 상승하거나 투자위험종목 지정 후 익일 또는 3일 간... 투자주의종목 / 투자<b>경고</b>종목 / 투자위험종목 주의 → <b>경고</b> → 위험 순으로 더 높은 강도의 <b>경고</b>를... 과열됐다고 <b>경고</b>했다. 그는 미국 주식 시장이 1929년 대공황과 2000년 닷컴 버블보다도 심각한 거품이... 모른다며 <b>경고</b>를 이어갔다. 밈 주식(온라인 언급으로 급등한 종목), 스팩(기업인수목적회사·SPAC)... 지금 샀다간…&quot; 전문가의 <b>경고</b> 최근 정부는 '도심주택공급 확대 및 아파트 공급속도 제공방안'을 발표했습니다. 요지는 원룸형 아파트인 도시형 생활주택의 기존 전용면적 50㎡ 이하를 60㎡로 완화, 방을... 이러한 주식 투자<b>경고</b>종목이 왜 지정이되는 것이며 매수를 해도 되는 것인지? 어떠한 점을 눈여겨 봐야 하는지 꼼꼼하게 따져보도록 하겠습니다. 알고 매수해야지 투자<b>경고</b>종목이란? 주가가 5일간 75% 또는... 미국 재닛 옐런 재무장관이 미국 부채한도 도달에 따른 디폴트를 <b>경고</b>했다. 결론적으로 미국의... 그에 따라 원화의 가치는 옐런의 <b>경고</b>와 함께 하락세를 보이고 있다. 원화가치 하락으로 환율은 급등하는... 공모주 상장 후 주식 VI발동 투자<b>경고</b>종목 지정예고 공모주 상장 후 주식 VI발동 그리고 투자<b>경고</b>종목 지정예고 공모주 투자를 시작하면서 책으로만 읽었던 주식공부 관련 용어들을 직접 경험하면서 배우게... 한은이 요즘 #부동산시장 #집값전망 이나 <b>경고</b>의 시그널을 계속 보내고 있습니다. 한은의 부동산 집값전망 <b>경고</b> 틀린 이야기는 아닌데 저 정도로 실물경제에 영향을 미친다면 상당히 큰 문제로 갑니다. 어쨌거나... "
20210087,듄,2021,2021-10-20,"20210087D(디지털)
20210087I(IMAX)",드니 빌뇌브,미국,워너브러더스 코리아(주),"'<b>듄</b> 2 작가 프랭크 허버트 출판 황금가지 발매 2021.01.22. 리뷰보기 제목 : <b>듄</b> 신장판 2-<b>듄</b>의 메시아 Dune Messiah, 1969 지음 : 프랭크 허버트 옮김 : 김승욱 펴냄 : 황금가지 작성 : 2021.09.25. “운명은 개척이 가능한... ', '오늘은 드니 빌뇌브 감독의 최신작 &lt;<b>듄</b>&gt;을 소개하도록 하겠습니다. &lt;<b>듄</b>&gt; - 2021년 10월 20일 개봉 Dune, 2021 출처 : 네이버 영화 줄거리 보기 출처 : imdb 영화 &lt;<b>듄</b>&gt;의 배경 : 10191년, 인류가 행성을... ', '[잘 가요, <b>듄</b>!!] 명예의 어머니들과의 싸움에서 처참하게 패배하고 참사회로 도망쳤던 베네 게세리트.... 총 6권의 &lt;<b>듄</b> 신장판&gt; 시리즈의 대망의 마지막 권. 완결편이다보니 좀 속시원하게 모든 것이 명확하게... ', '믿고] 보는 그 감독 드니 빌뇌브의 신작 &lt;<b>듄</b>&gt;입니다. 캐스팅이나 스케일 등 예고편 공개 때부터 띵작... 그때마다 그 해 영화제 최고의 작품으로 다가왔는데, 이번 &lt;<b>듄</b>&gt;도 부산에서 만나길 기원합니다. 그래서... ', '#<b>듄</b> # dune:imperium #<b>듄</b>임페리움 #덱빌딩추천 드디어 <b>듄</b>을 해볼 수 있었습니다. 차례가 오면 일꾼 액션 or 구매 단계 진행하면서 게임종료 트리거 (10라운드 or 10점달성) 가 발생하면 그 라운드까지 하고 점수가... ', ""데이빗린치의 '<b>듄</b>' 1984년작 이 작품은 마치 호모사피엔스의 미래를 보고 있는 듯하다. 코로나가 인류의... <b>듄</b>은 볼거리와 오락성에 방점을 둔 스타워즈나 아이언맨 등 외계인이 출몰하거나 과학기술의 비약적인... "", '저는 <b>듄</b>드라이브도 고민되어서 <b>듄</b>드라이브와 반리트 모두 타 보았습니다. 두가지 자전거의 목적이 다르다고 생각하는데요! 고를때 팁을 의견내어 보겠습니다. <b>듄</b>을 고민하는 이유! - 장점 일단 접이식 - 차나... ', '&lt;<b>듄</b>&gt; (Dune) 촬영 현장부터 오프닝 10분 장면까지 IMAX 특별 상영회를 통해 만난 꿈의 영화 제78회... 영화 &lt;<b>듄</b>&gt;의 IMAX 특별 상영회가 진행되었다. 국내 IMAX 상영관 중 독보적인 상영 시스템을 갖추고 있는 CGV... ', ""영화 '<b>듄</b>'으로 참석합니다. 77ㅑ 수채화같은 느낌 착장 또 했네 호텔로 가기 위해 수상택시 타러... ㅋㅋㅋㅋㅋ <b>듄</b> 식구들과 다 함께 포토 타임! 하비에르 바르뎀, 젠데이아, 레베카 퍼거슨, 드니 빌네브... "", '출처 : 워너브라더스 줄거리 <b>듄</b>은 AG 10191년 (서기로 치면 26391년) 아주 먼 미래의, 팽창하는 항성간... #영화<b>듄</b> #<b>듄</b>후기 #영화<b>듄</b>감상평 #영화<b>듄</b>리뷰 #dune #dune리뷰 #dune후기 #영화후기 #티모시살라메 #젠다이아... '오늘은 드니 빌뇌브 감독의 최신작 &lt;<b>듄</b>&gt;을 소개하도록 하겠습니다. &lt;<b>듄</b>&gt; - 2021년 10월 20일 개봉 Dune, 2021 출처 : 네이버 영화 줄거리 보기 출처 : imdb 영화 &lt;<b>듄</b>&gt;의 배경 : 10191년, 인류가 행성을... <b>듄</b> 2 작가 프랭크 허버트 출판 황금가지 발매 2021.01.22. 리뷰보기 제목 : <b>듄</b> 신장판 2-<b>듄</b>의 메시아 Dune Messiah, 1969 지음 : 프랭크 허버트 옮김 : 김승욱 펴냄 : 황금가지 작성 : 2021.09.25. “운명은 개척이 가능한... [잘 가요, <b>듄</b>!!] 명예의 어머니들과의 싸움에서 처참하게 패배하고 참사회로 도망쳤던 베네 게세리트.... 총 6권의 &lt;<b>듄</b> 신장판&gt; 시리즈의 대망의 마지막 권. 완결편이다보니 좀 속시원하게 모든 것이 명확하게... 믿고] 보는 그 감독 드니 빌뇌브의 신작 &lt;<b>듄</b>&gt;입니다. 캐스팅이나 스케일 등 예고편 공개 때부터 띵작... 그때마다 그 해 영화제 최고의 작품으로 다가왔는데, 이번 &lt;<b>듄</b>&gt;도 부산에서 만나길 기원합니다. 그래서... 데이빗린치의 '<b>듄</b>' 1984년작 이 작품은 마치 호모사피엔스의 미래를 보고 있는 듯하다. 코로나가 인류의... <b>듄</b>은 볼거리와 오락성에 방점을 둔 스타워즈나 아이언맨 등 외계인이 출몰하거나 과학기술의 비약적인... 저는 <b>듄</b>드라이브도 고민되어서 <b>듄</b>드라이브와 반리트 모두 타 보았습니다. 두가지 자전거의 목적이 다르다고 생각하는데요! 고를때 팁을 의견내어 보겠습니다. <b>듄</b>을 고민하는 이유! - 장점 일단 접이식 - 차나... #<b>듄</b> # dune:imperium #<b>듄</b>임페리움 #덱빌딩추천 드디어 <b>듄</b>을 해볼 수 있었습니다. 차례가 오면 일꾼 액션 or 구매 단계 진행하면서 게임종료 트리거 (10라운드 or 10점달성) 가 발생하면 그 라운드까지 하고 점수가... &lt;<b>듄</b>&gt; (Dune) 촬영 현장부터 오프닝 10분 장면까지 IMAX 특별 상영회를 통해 만난 꿈의 영화 제78회... 영화 &lt;<b>듄</b>&gt;의 IMAX 특별 상영회가 진행되었다. 국내 IMAX 상영관 중 독보적인 상영 시스템을 갖추고 있는 CGV... 영화 '<b>듄</b>'으로 참석합니다. 77ㅑ 수채화같은 느낌 착장 또 했네 호텔로 가기 위해 수상택시 타러... ㅋㅋㅋㅋㅋ <b>듄</b> 식구들과 다 함께 포토 타임! 하비에르 바르뎀, 젠데이아, 레베카 퍼거슨, 드니 빌네브... 출처 : 워너브라더스 줄거리 <b>듄</b>은 AG 10191년 (서기로 치면 26391년) 아주 먼 미래의, 팽창하는 항성간... #영화<b>듄</b> #<b>듄</b>후기 #영화<b>듄</b>감상평 #영화<b>듄</b>리뷰 #dune #dune리뷰 #dune후기 #영화후기 #티모시살라메 #젠다이아... "
20219351,첫눈이 사라졌다,2020,2021-10-20,20219351D(디지털),"마우고시카 슈모프스카,마셀 엔그레르트",폴란드,(주)다자인소프트,"'영화 &lt;<b>첫눈이 사라졌다</b>&gt; 1차 포스터 안녕하세요, 영소남입니다. 지난번, 이벤트를 진행했던 &lt;건파우더 밀크셰이크&gt; 시사회 이벤트에 이어서 오늘은 판타지 아트버스터 장르의 영화인 &lt;<b>첫눈이 사라졌다</b>&gt;라는... ', ""첫 눈으로 오해했던 방사능 낙진의 과거처럼 말이다. 유럽의 UN군이나 말 못할 인종 문제, 차별이나... 고로 '<b>첫눈이 사라졌다</b>'는 감독의 전공인 판타지적 미장센과 유려한 연출을 빌려 동유럽 중심의 폴란드에서... "", '쿠레샤] &lt;<b>첫눈이 사라졌다</b>&gt;는 영혼을 깨우는 최면술사 ‘제니아’의 등장으로 폴란드 바르샤바의... 등 &lt;<b>첫눈이 사라졌다</b>&gt;에서 그녀가 보여준 놀라운 연출력에 대한 찬사가 이어지고 있습니다. ㆍABOUT... ', '마지막 영화 끝부분에서 2025년 첫눈이 사라진다는 말을 한걸 보면 알 수 있다. 환경에 빗대어 사람들에게 경고의 메시지를 전하고 있는 예술영화이자 신작영화, [<b>첫눈이 사라졌다</b>]이다. 오늘의 영화 만찬 코엑스... ', '추천/비추천을 하는것은 맞지 않을 것 같고요… 재미있다고 말은 못해도 절대 지루하지 얺습니다 호기심 많은 성격이신 분들은 재밌게 보실것 같아요 ^^ #<b>첫눈이 사라졌다</b> #컬처블룸 #컬처블룸리뷰단(서평단)', '•제 목: <b>첫눈이 사라졌다</b> Sniegu juz nigdy nie bedzie(Never Gonna Snow Again)(2020) - Poland/ Germany/ Netherlands 홈피... 93회 아카데미 시상식 국제장편상 부문의 폴란드 대표작으로 출품된 &lt;첫눈이 사라져다&gt;는... ', ""맥스무비 [MAX 인터뷰] ‘<b>첫눈이 사라졌다</b>’ 알렉 엇가프 “'거장과 마르가리타'의 악마처럼” 2021-09-27... 영화 ‘<b>첫눈이 사라졌다</b>’는 지난해 제77회 베니스 국제영화제 경쟁 부문에 초청돼 호평을 이끌어냈다.... "", '<b>첫눈이 사라졌다</b> 예고편 리뷰 판타지 폴란드 독일 영화정보 줄거리 소개 영화정보 개봉2021.10 등급 15세... <b>첫눈이 사라졌다</b> 감독 마우고시카 슈모프스카, 마셀 엔그레르트 출연 알렉 엇가프, 마야... ', '&quot; <b>첫눈이 사라졌다</b> &quot; 개봉예정일 : 2021년 10월 개봉 개요 : 판타지 상영시간 : 115분 감독 : 마우고시카... 극찬 &lt; <b>첫눈이 사라졌다</b>&gt;는 영혼을 깨우는 최면술사의 등장으로 부유한 마을 전체가 들썩이면서 벌어지는... ', ""10월 관객들을 찾아올 지금껏 본 적 없는 판타지 아트버스터 '<b>첫눈이 사라졌다</b>'가 궁금증을 자아내는 매혹적인 비주얼의 메인 포스터를 전격 공개한다. '<b>첫눈이 사라졌다</b>'는 영혼을 깨우는 최면술사... ""영화 &lt;<b>첫눈이 사라졌다</b>&gt;가 30초 예고편을 공개한다. 수입: ㈜모쿠슈라픽쳐스 | 배급: ㈜다자인소프트... (Cineuropa) &lt;<b>첫눈이 사라졌다</b>&gt; 신비로운 판타지 느낌 가득한 30초 예고편 전격공개! &lt;<b>첫눈이 사라졌다</b>&gt;는... 영화 &lt;<b>첫눈이 사라졌다</b>&gt; 1차 포스터 안녕하세요, 영소남입니다. 지난번, 이벤트를 진행했던 &lt;건파우더 밀크셰이크&gt; 시사회 이벤트에 이어서 오늘은 판타지 아트버스터 장르의 영화인 &lt;<b>첫눈이 사라졌다</b>&gt;라는... 첫 눈으로 오해했던 방사능 낙진의 과거처럼 말이다. 유럽의 UN군이나 말 못할 인종 문제, 차별이나... 고로 '<b>첫눈이 사라졌다</b>'는 감독의 전공인 판타지적 미장센과 유려한 연출을 빌려 동유럽 중심의 폴란드에서... 쿠레샤] &lt;<b>첫눈이 사라졌다</b>&gt;는 영혼을 깨우는 최면술사 ‘제니아’의 등장으로 폴란드 바르샤바의... 등 &lt;<b>첫눈이 사라졌다</b>&gt;에서 그녀가 보여준 놀라운 연출력에 대한 찬사가 이어지고 있습니다. ㆍABOUT... 마지막 영화 끝부분에서 2025년 첫눈이 사라진다는 말을 한걸 보면 알 수 있다. 환경에 빗대어 사람들에게 경고의 메시지를 전하고 있는 예술영화이자 신작영화, [<b>첫눈이 사라졌다</b>]이다. 오늘의 영화 만찬 코엑스... 추천/비추천을 하는것은 맞지 않을 것 같고요… 재미있다고 말은 못해도 절대 지루하지 얺습니다 호기심 많은 성격이신 분들은 재밌게 보실것 같아요 ^^ #<b>첫눈이 사라졌다</b> #컬처블룸 #컬처블룸리뷰단(서평단)•제 목: <b>첫눈이 사라졌다</b> Sniegu juz nigdy nie bedzie(Never Gonna Snow Again)(2020) - Poland/ Germany/ Netherlands 홈피... 93회 아카데미 시상식 국제장편상 부문의 폴란드 대표작으로 출품된 &lt;첫눈이 사라져다&gt;는... 맥스무비 [MAX 인터뷰] ‘<b>첫눈이 사라졌다</b>’ 알렉 엇가프 “'거장과 마르가리타'의 악마처럼” 2021-09-27... 영화 ‘<b>첫눈이 사라졌다</b>’는 지난해 제77회 베니스 국제영화제 경쟁 부문에 초청돼 호평을 이끌어냈다.... <b>첫눈이 사라졌다</b> 예고편 리뷰 판타지 폴란드 독일 영화정보 줄거리 소개 영화정보 개봉2021.10 등급 15세... <b>첫눈이 사라졌다</b> 감독 마우고시카 슈모프스카, 마셀 엔그레르트 출연 알렉 엇가프, 마야... &quot; <b>첫눈이 사라졌다</b> &quot; 개봉예정일 : 2021년 10월 개봉 개요 : 판타지 상영시간 : 115분 감독 : 마우고시카... 극찬 &lt; <b>첫눈이 사라졌다</b>&gt;는 영혼을 깨우는 최면술사의 등장으로 부유한 마을 전체가 들썩이면서 벌어지는... "
20219820,한창나이 선녀님,2021,2021-10-20,20219820D(디지털),원호연,한국,(주)트리플픽쳐스,"'영화 &lt;<b>한창나이 선녀님</b>&gt;이 메인 예고편을 전격 공개했다. &lt;<b>한창나이 선녀님</b>&gt;은 강원도 산골 68세 임선녀... 모자란 선녀님의 ‘한창나이’를 설명해준다. 한편 “내가 아주 이를 악물고 참고 또 되새기며 참고... ', '평생 산 하나 밖에 못 넘어 본 그녀가, 오랫동안 살던 집을 떠나 새집 짓기를 결심하는데… 또박또박 뚝딱뚝딱 오늘도 바쁜 선녀님의 하루. &lt;<b>한창나이 선녀님</b>&gt; 스페셜 포스터 &lt;<b>한창나이 선녀님</b>&gt; 메인... ', '<b>한창나이 선녀님</b> 스틸컷 임선녀 할머니께서 &quot;아무것도 모르고 바둥바둥 사는데 무슨 꿈이 있겠소, 아무것도 없지, 그냥 하루하루 사는 거지 뭐&quot;라고 말하지만, 83분의 러닝타임 동안 꿈을 향해 힘차게 나아가고... ', '영화정보 개요 다큐멘터리ㅣ한국ㅣ 83분 연출 원호연 출연 임<b>선녀</b> 영화등급 전체 관람가 “나무꾼?... 강원도 삼척 어느 산속에서 혼자 사는 <b>선녀님</b>은 앉아서 쉴 틈이 없다. 몸이 열 개여도 부족한 <b>선녀님</b>이 또... ', '[위드인뉴스 김영식] 68세 한창나이, 꿈을 꾸며 살아가는 임선녀 할머니의 알찬 하루하루를 그려낸 다큐멘터리 영화 &lt;<b>한창나이 선녀님</b>&gt;이 런칭 예고편을 공개했다. “나무꾼? 없어도 돼!” 혼자서도 잘 사는... ', '영화 &lt;<b>한창나이 선녀님</b>&gt;(Burning Flower)이 메인 예고편을 전격 공개했다. &lt;<b>한창나이 선녀님</b>&gt;은 강원도... 모자란 선녀님의 ‘한창나이’를 설명해준다. 한편 “내가 아주 이를 악물고 참고 또 되새기며 참고... ', '강원도 삼척 어느 산속에서 혼자 사는 <b>선녀님</b>은 앉아서 쉴 틈이 없다. 몸이 열 개여도 부족한 <b>선녀님</b>이 또 한번 일을 냈다. 평생 산 하나 밖에 못 넘어 본 그녀가, 오랫동안 살던 집을 떠나 새집... ', ""임선녀 * 영화 정보 https://movie.naver.com/movie/bi/mi/basic.naver?code=201742 * 영상이 유익하셨다면 '구독'과 '좋아요'를 눌러주세요~ 구독은 큰 힘이 됩니다. ^^ [<b>한창나이 선녀님</b>] 메인 예고편 : 원효연 감독... "", '1관 &lt;<b>한창나이 선녀님</b>&gt; 경쟁부문 한국경쟁/ 한국/ 2021/ 83분/ 전체/ DCP/ Color 감독 원호연/ 배리어프리버전 연출 원호연/ 내레이션 이진화(성우) 강원도 깊은 산골에 사는 임선녀 할머니의 씩씩한... ', ""⭕️ 김젬마 <b>나이</b> 인스타 학력 프로필 출생 1991년 (29세~30세) 신체 172cm 소속 대성마이맥 학력... 잔치가 <b>한창</b> 무르익자 이들은 양반답게 한시 놀이를 하게 되는데, 변학도가 '고'를 운으로 띄워서 변 사또의... ""영화 &lt;<b>한창나이 선녀님</b>&gt;이 메인 예고편을 전격 공개했다. &lt;<b>한창나이 선녀님</b>&gt;은 강원도 산골 68세 임선녀... 모자란 선녀님의 ‘한창나이’를 설명해준다. 한편 “내가 아주 이를 악물고 참고 또 되새기며 참고... 평생 산 하나 밖에 못 넘어 본 그녀가, 오랫동안 살던 집을 떠나 새집 짓기를 결심하는데… 또박또박 뚝딱뚝딱 오늘도 바쁜 선녀님의 하루. &lt;<b>한창나이 선녀님</b>&gt; 스페셜 포스터 &lt;<b>한창나이 선녀님</b>&gt; 메인... <b>한창나이 선녀님</b> 스틸컷 임선녀 할머니께서 &quot;아무것도 모르고 바둥바둥 사는데 무슨 꿈이 있겠소, 아무것도 없지, 그냥 하루하루 사는 거지 뭐&quot;라고 말하지만, 83분의 러닝타임 동안 꿈을 향해 힘차게 나아가고... 영화정보 개요 다큐멘터리ㅣ한국ㅣ 83분 연출 원호연 출연 임<b>선녀</b> 영화등급 전체 관람가 “나무꾼?... 강원도 삼척 어느 산속에서 혼자 사는 <b>선녀님</b>은 앉아서 쉴 틈이 없다. 몸이 열 개여도 부족한 <b>선녀님</b>이 또... [위드인뉴스 김영식] 68세 한창나이, 꿈을 꾸며 살아가는 임선녀 할머니의 알찬 하루하루를 그려낸 다큐멘터리 영화 &lt;<b>한창나이 선녀님</b>&gt;이 런칭 예고편을 공개했다. “나무꾼? 없어도 돼!” 혼자서도 잘 사는... 영화 &lt;<b>한창나이 선녀님</b>&gt;(Burning Flower)이 메인 예고편을 전격 공개했다. &lt;<b>한창나이 선녀님</b>&gt;은 강원도... 모자란 선녀님의 ‘한창나이’를 설명해준다. 한편 “내가 아주 이를 악물고 참고 또 되새기며 참고... 강원도 삼척 어느 산속에서 혼자 사는 <b>선녀님</b>은 앉아서 쉴 틈이 없다. 몸이 열 개여도 부족한 <b>선녀님</b>이 또 한번 일을 냈다. 평생 산 하나 밖에 못 넘어 본 그녀가, 오랫동안 살던 집을 떠나 새집... 원호연 감독이 메카폰을 잡은 ‘<b>한창나이 선녀님</b>’은 강원도 삼척시 도계읍 점리 산골에서 사는 68세 임선녀 할머니의 하루하루를 통해 오늘을 살아낼 힘을 얻는 산골짜기 나혼산 다큐멘터리 영화다.... 임선녀 * 영화 정보 https://movie.naver.com/movie/bi/mi/basic.naver?code=201742 * 영상이 유익하셨다면 '구독'과 '좋아요'를 눌러주세요~ 구독은 큰 힘이 됩니다. ^^ [<b>한창나이 선녀님</b>] 메인 예고편 : 원효연 감독... 1관 &lt;<b>한창나이 선녀님</b>&gt; 경쟁부문 한국경쟁/ 한국/ 2021/ 83분/ 전체/ DCP/ Color 감독 원호연/ 배리어프리버전 연출 원호연/ 내레이션 이진화(성우) 강원도 깊은 산골에 사는 임선녀 할머니의 씩씩한... "
20210388,당신얼굴 앞에서,2020,2021-10-21,20210388D(디지털),홍상수,한국,"(주)영화제작전원사 ,(주)콘텐츠판다","'또한, 국내 평론은 “&lt;<b>당신얼굴 앞에서</b>&gt;는 세상의 얼굴을 닮았다. 가혹하면서도 평온하며 무질서한 그 얼굴은 오로지 빛나는 사소함으로 가득하다. 사소한 것들로 삶을 거대하게 만든다. 서글프다가... ', '홍상수 감독의 26번째 영화인 &quot; <b>당신얼굴 앞에서</b> &quot; 정말 예술적인 감각 그리고 작품세계는 언제나... 10월 21일 국내 개봉을 앞두고 있는 &quot; <b>당신얼굴 앞에서</b> &quot; 의 티져 예고편을 공개하면서 홍상수 감독과 김민희가... ', '[제목: <b>당신얼굴 앞에서</b>(IN FRONT OF YOUR FACE)│제작/각본/감독/촬영/편집/음악: 홍상수ㅣ제작실장: 김민희... 영화 &lt;<b>당신얼굴 앞에서</b>&gt;가 메인 예고편을 공개했다. “수년 만에 한국으로 돌아와 동생의 집에 머물고... ', '<b>당신 얼굴 앞에서</b> 감독 홍상수 출연 미등록 개봉 미개봉 긴 글 대신 오디오로 듣고 싶으신 분들은 아래 클립을 클릭해주세요. 오늘 소개해 드릴 영화는 홍상수 감독의 신작 영화&lt;<b>당신 얼굴 앞에서</b>&gt;입니다.... ', '홍상수 감독의 26번째 장편 영화이자, 제74회 칸영화제 공식 초청작 &lt;<b>당신얼굴 앞에서</b>&gt;(IN FRONT OF YOUR... 된다.” &lt;<b>당신얼굴 앞에서</b>&gt;는 배우 이혜영을 중심으로 조윤희, 권해효, 서영화, 김새벽 등이 출연한다.... ', ""홍상수 감독의 새 장편 영화 '<b>당신얼굴 앞에서</b>'는 수년 만에 한국으로 돌아와 동생의 집에 머물고 있는... 국내 개봉을 확정한 '<b>당신얼굴 앞에서</b>'는 제74회 칸영화제 공식 초청작으로 월드 프리미어를 통해... "", '홍상수 26번째 장편영화인 [<b>당신 얼굴 앞에서</b>]의 첫 스틸 공개. 6종으로 두 번째... 제목스러운 [<b>당신 얼굴 앞에서</b>]가 평범해졌을 것이다. 홍상수와 연결되니 통속적 제목도... ', '배우 이혜영이 홍상수 감독의 ‘새로운 얼굴’로 아우라를 뽐낸다. 이혜영이 영화로 돌아온건 2008년 개봉한 ‘더 게임’ 이후 13년 만이다.‘<b>당신얼굴 앞에서</b>’에서 그녀가 맡은 상옥은 배우로 활동하다... ', ""홍상수 감독과 그의 연인이자 배우 김민희, 칸 영화제 출품작 <b>당신 얼굴 앞에서</b>'에서 열연한 배우 이혜영이 칸 국제영화제에 불참했습니다. 영화 '<b>당신 얼굴 앞에서</b> '관계자는 지난 6월 30일 &quot;감독님과 배우는... "", ""제74회 칸국제영화제 공식 초청작 '<b>당신얼굴 앞에서</b>'(감독 홍상수)가 메인 예고편을 공개했다. '<b>당신얼굴 앞에서</b>'는 배우 이혜영을 중심으로 조윤희, 권해효, 서영화, 김새벽 등이 출연한다. 그동안... ""또한, 국내 평론은 “&lt;<b>당신얼굴 앞에서</b>&gt;는 세상의 얼굴을 닮았다. 가혹하면서도 평온하며 무질서한 그 얼굴은 오로지 빛나는 사소함으로 가득하다. 사소한 것들로 삶을 거대하게 만든다. 서글프다가... 홍상수 감독의 26번째 영화인 &quot; <b>당신얼굴 앞에서</b> &quot; 정말 예술적인 감각 그리고 작품세계는 언제나... 10월 21일 국내 개봉을 앞두고 있는 &quot; <b>당신얼굴 앞에서</b> &quot; 의 티져 예고편을 공개하면서 홍상수 감독과 김민희가... [제목: <b>당신얼굴 앞에서</b>(IN FRONT OF YOUR FACE)│제작/각본/감독/촬영/편집/음악: 홍상수ㅣ제작실장: 김민희... 영화 &lt;<b>당신얼굴 앞에서</b>&gt;가 메인 예고편을 공개했다. “수년 만에 한국으로 돌아와 동생의 집에 머물고... <b>당신 얼굴 앞에서</b> 감독 홍상수 출연 미등록 개봉 미개봉 긴 글 대신 오디오로 듣고 싶으신 분들은 아래 클립을 클릭해주세요. 오늘 소개해 드릴 영화는 홍상수 감독의 신작 영화&lt;<b>당신 얼굴 앞에서</b>&gt;입니다.... 홍상수 감독의 26번째 장편 영화이자, 제74회 칸영화제 공식 초청작 &lt;<b>당신얼굴 앞에서</b>&gt;(IN FRONT OF YOUR... 된다.” &lt;<b>당신얼굴 앞에서</b>&gt;는 배우 이혜영을 중심으로 조윤희, 권해효, 서영화, 김새벽 등이 출연한다.... 홍상수 감독의 새 장편 영화 '<b>당신얼굴 앞에서</b>'는 수년 만에 한국으로 돌아와 동생의 집에 머물고 있는... 국내 개봉을 확정한 '<b>당신얼굴 앞에서</b>'는 제74회 칸영화제 공식 초청작으로 월드 프리미어를 통해... 홍상수 26번째 장편영화인 [<b>당신 얼굴 앞에서</b>]의 첫 스틸 공개. 6종으로 두 번째... 제목스러운 [<b>당신 얼굴 앞에서</b>]가 평범해졌을 것이다. 홍상수와 연결되니 통속적 제목도... 배우 이혜영이 홍상수 감독의 ‘새로운 얼굴’로 아우라를 뽐낸다. 이혜영이 영화로 돌아온건 2008년 개봉한 ‘더 게임’ 이후 13년 만이다.‘<b>당신얼굴 앞에서</b>’에서 그녀가 맡은 상옥은 배우로 활동하다... 홍상수 감독과 그의 연인이자 배우 김민희, 칸 영화제 출품작 <b>당신 얼굴 앞에서</b>'에서 열연한 배우 이혜영이 칸 국제영화제에 불참했습니다. 영화 '<b>당신 얼굴 앞에서</b> '관계자는 지난 6월 30일 &quot;감독님과 배우는... 영화 &lt;<b>당신 얼굴 앞에서</b>&gt;에 대한 해외 언론들의 반응을 살펴볼까 하는데요. 홍상수 감독의 작품 중 11번째로 칸영화제에 초청을 받은 &lt;<b>당신 얼굴 앞에서</b>&gt;는 홍상수 감독이 각본, 연출, 촬영, 편집, 음악을... "
20217167,동백,2020,2021-10-21,20217167D(디지털),신준영,한국,시네마 뉴원,"'수다 떨다보니 도착한 <b>동백</b>1917! 위치는 오후의 홍차 있던 그 옆쪽! 이에요! 우리술 양조장이라뉘.. 크..... ㅎ 여기서 제조해서 판매하시는 막걸리더라구요 ㅎ 그 대표적인 막걸리 이름이 바로 <b>동백</b> ! 같은 페이지... ', '제주 카페<b>동백</b> 그림같은 풍경의 액자뷰 꼭꼭꼭! 가세요 제주 여행의 카페 담당은 바로 나! 커피도 좋아하고 예쁜 카페도 좋아하고 예쁜 카페 사진 찍기도 좋아하는 나에게 찜당한 원픽은 #제주 #카페<b>동백</b> 몇... ', '한다는 <b>동백</b> 미용실 이안살롱을 발견! 수제펌?고데기펌? 그게 뭐지 일단 업체를 검색해보니 저와 비슷한... ㅎㅎ 1주일 뒤, <b>동백</b>역 부근 대로변 사거리 코너에 위치해있는 이안살롱을 예약시간 늦을까봐 헐레벌떡... ', '울집 <b>동백</b>들~ 꽃망울 통통하게 여물어 간다^^ 초여름 심하게 가지치기 했던 몇 그루랑 애지중지 했건만... 나도 첨 써보기 때문에 효능은 아직 알 수 없음ㅋ 우선 <b>동백</b>을 욕실로 모아봅니다. 아.. 이게 넘 번거롭고... ', '오늘의 일정 해운대 - <b>동백</b>섬 - 해변열차/블루라인파크 - 숙소복귀 (휴식/저녁) - 야경 일단 근처에서... 옆으로 <b>동백</b>섬 빠지는 길이 있어서 <b>동백</b>섬 바로 ㄱㄱ 크, 바다는 바다다 시원하니 너무 좋았다 <b>동백</b>섬... ', '냐하하 조,,,,쿠나 ㅡ.ㅡ 명절 연휴 첫날 하늘이 너무 예뻐서 공원 산책도 하고 차도 한잔해야겠다 싶었는데 지난번 언니들이랑 갔던 용인 <b>동백</b> 카페 탈리아 티카페가 생각나서 다녀왔어요. <b>동백</b>에 자주 가는... ', 'ㅠㅠ 그래서 서면 간김에 서면 스시 로 유명한 <b>동백</b>초밥 에서 포장해왔어요~ 점심 맛집 으로도... 서면스시 <b>동백</b>초밥 의 내부인테리어를 구경했습니다 저는 마치기 직전에 가는 바람에 ㅎㅎ 여유로이 사진 찍을수... ', '오래 쉬긴 했구나...ㅋㅋ 이번 작업은 사실 조금씩 남은 올리브오일과 <b>동백</b>오일의 소진이 목적이었다.... 비누계산기 결과값 남아있던 엑스트라 버진 올리브유가 194g 요걸 기준으로 나머지 부족한 부분을 <b>동백</b>오... ', '<b>동백</b>나무 열매 효능 9월로 접어들면서부터 붉은색으로 착색이 진행되고 있는 <b>동백</b>나무 열매입니다. 3Cm 가량의 동그란 열매가 익어가는 모습은 꽃처럼 이쁘기만 합니다. 개화는 1월부터 진행되고 붉은색으로... ', ""이번엔 용인 <b>동백</b>에 있는 '르뺑데쟈코벵'으로 왔다. 이름이 너무 어려움... 읽기도 어렵고 외워지지도... 아마 평타 이상이겠쥐 후후후~ 결론: 바삭함 부분에선 상현 본누벨 베이커리 &gt; <b>동백</b> 르뺑데쟈코벵 &gt; 역북... ""수다 떨다보니 도착한 <b>동백</b>1917! 위치는 오후의 홍차 있던 그 옆쪽! 이에요! 우리술 양조장이라뉘.. 크..... ㅎ 여기서 제조해서 판매하시는 막걸리더라구요 ㅎ 그 대표적인 막걸리 이름이 바로 <b>동백</b> ! 같은 페이지... 제주 카페<b>동백</b> 그림같은 풍경의 액자뷰 꼭꼭꼭! 가세요 제주 여행의 카페 담당은 바로 나! 커피도 좋아하고 예쁜 카페도 좋아하고 예쁜 카페 사진 찍기도 좋아하는 나에게 찜당한 원픽은 #제주 #카페<b>동백</b> 몇... 한다는 <b>동백</b> 미용실 이안살롱을 발견! 수제펌?고데기펌? 그게 뭐지 일단 업체를 검색해보니 저와 비슷한... ㅎㅎ 1주일 뒤, <b>동백</b>역 부근 대로변 사거리 코너에 위치해있는 이안살롱을 예약시간 늦을까봐 헐레벌떡... 울집 <b>동백</b>들~ 꽃망울 통통하게 여물어 간다^^ 초여름 심하게 가지치기 했던 몇 그루랑 애지중지 했건만... 나도 첨 써보기 때문에 효능은 아직 알 수 없음ㅋ 우선 <b>동백</b>을 욕실로 모아봅니다. 아.. 이게 넘 번거롭고... 오늘의 일정 해운대 - <b>동백</b>섬 - 해변열차/블루라인파크 - 숙소복귀 (휴식/저녁) - 야경 일단 근처에서... 옆으로 <b>동백</b>섬 빠지는 길이 있어서 <b>동백</b>섬 바로 ㄱㄱ 크, 바다는 바다다 시원하니 너무 좋았다 <b>동백</b>섬... 엊그제 친구와 점심을 먹으러 서귀포 <b>동백</b>포레스트 맛집에 다녀왔어요. 전복 요리를 배터지게 먹고 왔는데 너무 신선하고 감칠맛도 진해 기억에 남아요. 1. 서귀포 <b>동백</b>포레스트 오가네전복설렁탕 메뉴... 냐하하 조,,,,쿠나 ㅡ.ㅡ 명절 연휴 첫날 하늘이 너무 예뻐서 공원 산책도 하고 차도 한잔해야겠다 싶었는데 지난번 언니들이랑 갔던 용인 <b>동백</b> 카페 탈리아 티카페가 생각나서 다녀왔어요. <b>동백</b>에 자주 가는... ㅠㅠ 그래서 서면 간김에 서면 스시 로 유명한 <b>동백</b>초밥 에서 포장해왔어요~ 점심 맛집 으로도... 서면스시 <b>동백</b>초밥 의 내부인테리어를 구경했습니다 저는 마치기 직전에 가는 바람에 ㅎㅎ 여유로이 사진 찍을수... 어제 도착한 <b>동백</b>. 부모님덕에 늘 예쁜꽃을 보며 살았다. 결혼하고 아기가 생기니.. 도저히 용기가 나지 않는 식물입양. 용기를 냈다. 예쁜 <b>동백</b>꽃을 피우면 더 용기가 날 거 같다. 지난 봄부터 허브 키우기... 오래 쉬긴 했구나...ㅋㅋ 이번 작업은 사실 조금씩 남은 올리브오일과 <b>동백</b>오일의 소진이 목적이었다.... 비누계산기 결과값 남아있던 엑스트라 버진 올리브유가 194g 요걸 기준으로 나머지 부족한 부분을 <b>동백</b>오... "
20209270,사상,2020,2021-10-21,"20209270D(디지털)
20209270E(디지털 영문자막)",박배일,한국,(주)시네마달,"'지난주말 가족들과함께 바람쇠로 <b>사상</b>으로 드라이블를 다녀왔어요 그때 알게된 부산 <b>사상</b> 맛집이 있는데 깔끔한 기본찬들은 물론 중독성있는 닭볶음탕을 가성비 좋게 즐길수 있던 곳이라 소개드려봅니다... ', '몇주전 대학교 동기들과 부산에 놀러갔다가 현지분이 추천해준 <b>사상</b> 맛집에 다녀왔어요. 무려 10년간의 노하우가 담겨있는 전골요리를 맛있게 먹고온 곳이라 공유해드릴게요~ 1. 수백당 주소 : 부산 <b>사상</b>구... ', '간만에 친구들과 모임겸 <b>사상</b>에서 만나 미리 찾아둔 유명한 <b>사상</b> 맛집에 방문했어요. 수준급의 몸보신 음식과 더불어 푸짐한 닭도리탕까지 기억에 오랫동안 남는 곳이라 소개해드려요. 1.가야정삼계탕 메뉴... ', '지난 주말 식구들과 점심시간이 되어 찾은 <b>사상</b> 맛집에 다녀왔어요. 쫀득한 밀면에 직접 빚는 만두까지 정성스러운 한끼를 먹고 왔습니다. 1. 이가네칼국수 주소: 부산 <b>사상</b>구 광장로 27 전화번호: 051-322-8131... ', '며칠 전 간만에 가족들과 외식을 하기 위해 <b>사상</b> 맛집에 방문했어요. 신선한 해물로 맛을 낸 칼국수와 시원한 밀면, 만두까지 합리적인 금액으로 즐겨 만족했던 곳이랍니다. 1. 이가네칼국수 이마트 <b>사상</b>점입... ', '공원 <b>사상</b>근린공원에 다녀왔어요- 집에서 차로 7분정도 거리인데 있는걸 알면서도 잘 안가게... 들었어요 #부산아이랑 #부산아이랑가볼만한곳 #부산가볼만한곳 #<b>사상</b>근린공원 운영시간 9:00 ~ 18:00 매주 월요일... ', '부산 <b>사상</b> 맛집 최뼈다구해장국 솔직히 솔직하게 가감없이 내돈내산으로 써보는 후기입니다. 주관적인... 부산 <b>사상</b> 맛집으로 평소에 알려져 있었고 저도 2번정도 갔던 적이 있기 때문에 이번에도 큰 고민없이... ', '남자가발 <b>사상</b>가발 무료체험 다녀온 후기. ⓒ미쎄스영, all right reserved. 안녕하세요, 12년 차 아줌마... 하길래 <b>사상</b>가발 하이모 <b>사상</b>지점 남자가발 무료체험 다녀왔어요. 가발하면 가장 먼저 떠오르는 게... ', '<b>사상</b> 카페, 덕포 카페 쿼피집 주소: 부산광역시 <b>사상</b>구 <b>사상</b>로356번길 16 전화번호: 070-7537-3596 영업시간: 매일 10:00 ~ 22:00 사실 나는 먹으러 다니는 것만큼이나 예쁜 카페, 신상 카페 찾아다니는 것도 좋아하는... ', '<b>사상</b> 경보센트리안 3차 <b>사상</b>역 역세권 단지 공급정보 안녕하세요 오늘 제가 여러분들에게 소개해드릴 <b>사상</b> 경보센트리안 3차는 아파트와 오피스텔이 함께 조성되는 주거복합신축공사로서 괘법동에 위치하여... '오늘은 우리나라 최고의 관광도시이자 제2의 도시인 부산에 공급되는 <b>사상</b> 더스테이 이안에 관해... 특히 <b>사상</b> 더스테이 이안의 경우 신라대학교 3개학교가 인접해있으며, 김해공항이 근처에 있어... 지난주말 가족들과함께 바람쇠로 <b>사상</b>으로 드라이블를 다녀왔어요 그때 알게된 부산 <b>사상</b> 맛집이 있는데 깔끔한 기본찬들은 물론 중독성있는 닭볶음탕을 가성비 좋게 즐길수 있던 곳이라 소개드려봅니다... 몇주전 대학교 동기들과 부산에 놀러갔다가 현지분이 추천해준 <b>사상</b> 맛집에 다녀왔어요. 무려 10년간의 노하우가 담겨있는 전골요리를 맛있게 먹고온 곳이라 공유해드릴게요~ 1. 수백당 주소 : 부산 <b>사상</b>구... 지난 주말 식구들과 점심시간이 되어 찾은 <b>사상</b> 맛집에 다녀왔어요. 쫀득한 밀면에 직접 빚는 만두까지 정성스러운 한끼를 먹고 왔습니다. 1. 이가네칼국수 주소: 부산 <b>사상</b>구 광장로 27 전화번호: 051-322-8131... 간만에 친구들과 모임겸 <b>사상</b>에서 만나 미리 찾아둔 유명한 <b>사상</b> 맛집에 방문했어요. 수준급의 몸보신 음식과 더불어 푸짐한 닭도리탕까지 기억에 오랫동안 남는 곳이라 소개해드려요. 1.가야정삼계탕 메뉴... 며칠 전 간만에 가족들과 외식을 하기 위해 <b>사상</b> 맛집에 방문했어요. 신선한 해물로 맛을 낸 칼국수와 시원한 밀면, 만두까지 합리적인 금액으로 즐겨 만족했던 곳이랍니다. 1. 이가네칼국수 이마트 <b>사상</b>점입... 공원 <b>사상</b>근린공원에 다녀왔어요- 집에서 차로 7분정도 거리인데 있는걸 알면서도 잘 안가게... 들었어요 #부산아이랑 #부산아이랑가볼만한곳 #부산가볼만한곳 #<b>사상</b>근린공원 운영시간 9:00 ~ 18:00 매주 월요일... 부산 <b>사상</b> 맛집 최뼈다구해장국 솔직히 솔직하게 가감없이 내돈내산으로 써보는 후기입니다. 주관적인... 부산 <b>사상</b> 맛집으로 평소에 알려져 있었고 저도 2번정도 갔던 적이 있기 때문에 이번에도 큰 고민없이... 남자가발 <b>사상</b>가발 무료체험 다녀온 후기. ⓒ미쎄스영, all right reserved. 안녕하세요, 12년 차 아줌마... 하길래 <b>사상</b>가발 하이모 <b>사상</b>지점 남자가발 무료체험 다녀왔어요. 가발하면 가장 먼저 떠오르는 게... <b>사상</b> 카페, 덕포 카페 쿼피집 주소: 부산광역시 <b>사상</b>구 <b>사상</b>로356번길 16 전화번호: 070-7537-3596 영업시간: 매일 10:00 ~ 22:00 사실 나는 먹으러 다니는 것만큼이나 예쁜 카페, 신상 카페 찾아다니는 것도 좋아하는... "
20209143,휴가,2020,2021-10-21,"20209143D(디지털)
20209143E(디지털 영문자막)",이란희,한국,㈜인디스토리,"'여름<b>휴가</b>는 제주도로 간다! 친구네 부부와 맞춰서 가기로 했는데.. 일정에 차질이 생겨서 조금 엇갈리게... 오늘 일정도 많으니...부지런히 돌아다녀야 한다.. 제주도 <b>휴가</b> 첫날이 이렇게 지나갔다...', '파그섬 떠나는 날 <b>휴가</b> 막바지에 다다르니 이제 아침 차리는 것도 살짝은 귀찮아져서 완제품 빵이 자주 올라온다 ㅎㅎㅎ <b>휴가</b>오기 전 딜즈에서 사온 대용량 빵을 잘 활용해서 뿌듯했다 파그섬 숙소 뒤로는... ', '아침에 예약하고 바로 짐 싸서 떠난 급 여름 <b>휴가</b>-. # <b>휴가</b> 1일차 성수기라 리조트 체크인은 정확히 3시부터 가능. 뱀사골은 멀어서 내일 가기로 하고 근처 계곡을 찾았다. 물이 얕아서 다른 아이들은 신나게 잘... ', '<b>휴가</b> 전날 코로나 검사를 하게 되어 몹시 심기불편하다가 음성문자 아침일찍 확인하고 기분좋아졌던... 옴뇸뇸 출근 안 하는 <b>휴가</b>기간인데 회사쪽 지나가는 건 무슨 경우냐??? ㅋㅋㅋ 그래도 날씨가 좋으니... ', '함께 계시는 대표님이 이번주 내내 <b>휴가</b>라 밀린 업무 처리하랴 전화받으랴 고객 안내하랴 기타등등등... 점심도 무려 오후 3시 30분에 먹은건 안비밀입니다. 제가 <b>휴가</b>가 있는 기간동안 분명히 조용했다고... ', '9.5일간 <b>휴가</b>를 끝내고 오랜만에 일상 복귀하니까 몸이 너무 쳐지는 기분이에요. 후훕.... <b>휴가</b> 전에 시간 날 때마다 조금씩 임시저장해가며 써 둔 일상이라 시점이 <b>휴가</b> 전, 후 시점인데 ㅎㅎㅎ 수정할까 하다가... ', '<b>휴가</b>의 꽃은 불장난이라던가요. ㅎㅎ 불이 세지면서, 솥에도 물을 넣었는데요. 물 없이 솥만 가열되면... <b>휴가</b>에는 불과 고기!! 그리고 술이 빠질 수가 없지요. 이날의 고기는 돈마호크(?)로, 갈비 뼈가 붙어 있는... ', ""2탄스타트 <b>휴가</b>첫날 첫코스로, 펜션입실시간 전까지 코미호미카페에서 즐거운시간을 보내고~ 예약해둔... 평화로운 <b>휴가</b>시간을 보낸듯 '' 딸 ! 언제까지 놀생각이야? '' '' 더 많이 계속 놀거야 '' 라고 답하던 담이... "", '여름<b>휴가</b> 보성 녹차밭 우리의 여름<b>휴가</b> 여행지는 보성! 보성여행은 처음이기도하고 많은 관광지를 둘러볼 생각이 없었기에 녹차밭만 슈루루룩 둘러보고 숙소에서 쉴 생각으로 여름<b>휴가</b> 여행지를 보성으로... ', '<b>휴가</b> 마지막 포스팅 2주간 불태우고 출국 전날 결국 몸살이 났다 비행기를 타야하니 빨리 나아야 해서... 막창은 결국 포기했다 코로나 음성확인서 받고 영국 입국 폼 작성하니 <b>휴가</b>가 끝난다는 게 실감이 난다..!!'여름<b>휴가</b>는 제주도로 간다! 친구네 부부와 맞춰서 가기로 했는데.. 일정에 차질이 생겨서 조금 엇갈리게... 오늘 일정도 많으니...부지런히 돌아다녀야 한다.. 제주도 <b>휴가</b> 첫날이 이렇게 지나갔다...파그섬 떠나는 날 <b>휴가</b> 막바지에 다다르니 이제 아침 차리는 것도 살짝은 귀찮아져서 완제품 빵이 자주 올라온다 ㅎㅎㅎ <b>휴가</b>오기 전 딜즈에서 사온 대용량 빵을 잘 활용해서 뿌듯했다 파그섬 숙소 뒤로는... 아침에 예약하고 바로 짐 싸서 떠난 급 여름 <b>휴가</b>-. # <b>휴가</b> 1일차 성수기라 리조트 체크인은 정확히 3시부터 가능. 뱀사골은 멀어서 내일 가기로 하고 근처 계곡을 찾았다. 물이 얕아서 다른 아이들은 신나게 잘... <b>휴가</b> 전날 코로나 검사를 하게 되어 몹시 심기불편하다가 음성문자 아침일찍 확인하고 기분좋아졌던... 옴뇸뇸 출근 안 하는 <b>휴가</b>기간인데 회사쪽 지나가는 건 무슨 경우냐??? ㅋㅋㅋ 그래도 날씨가 좋으니... 함께 계시는 대표님이 이번주 내내 <b>휴가</b>라 밀린 업무 처리하랴 전화받으랴 고객 안내하랴 기타등등등... 점심도 무려 오후 3시 30분에 먹은건 안비밀입니다. 제가 <b>휴가</b>가 있는 기간동안 분명히 조용했다고... 9.5일간 <b>휴가</b>를 끝내고 오랜만에 일상 복귀하니까 몸이 너무 쳐지는 기분이에요. 후훕.... <b>휴가</b> 전에 시간 날 때마다 조금씩 임시저장해가며 써 둔 일상이라 시점이 <b>휴가</b> 전, 후 시점인데 ㅎㅎㅎ 수정할까 하다가... <b>휴가</b>의 꽃은 불장난이라던가요. ㅎㅎ 불이 세지면서, 솥에도 물을 넣었는데요. 물 없이 솥만 가열되면... <b>휴가</b>에는 불과 고기!! 그리고 술이 빠질 수가 없지요. 이날의 고기는 돈마호크(?)로, 갈비 뼈가 붙어 있는... <b>휴가</b>시리즈 돌아왔습니다~ <b>휴가</b>와 관련된 내용은 돌고돌면 비슷하긴 합니다. 그래도 워낙 여러조건들이 있어서 그에 해당되는 것들을 언급해보고자 합니다. 오늘은 기간제 근로자입니다. 기간제 근로자와... 2탄스타트 <b>휴가</b>첫날 첫코스로, 펜션입실시간 전까지 코미호미카페에서 즐거운시간을 보내고~ 예약해둔... 평화로운 <b>휴가</b>시간을 보낸듯 '' 딸 ! 언제까지 놀생각이야? '' '' 더 많이 계속 놀거야 '' 라고 답하던 담이... 여름<b>휴가</b> 보성 녹차밭 우리의 여름<b>휴가</b> 여행지는 보성! 보성여행은 처음이기도하고 많은 관광지를 둘러볼 생각이 없었기에 녹차밭만 슈루루룩 둘러보고 숙소에서 쉴 생각으로 여름<b>휴가</b> 여행지를 보성으로... "
20210683,할로윈 킬즈,2020,2021-10-27,20210683D(디지털),데이빗 고든 그린,미국,유니버설픽쳐스인터내셔널 코리아(유),"""<b>할로윈 킬즈</b> Halloween Kills 2018년에 개봉한 &lt;할로윈&gt;의 속편인 &lt;<b>할로윈 킬즈</b>&gt;의 메인 예고편입니다. 18년 버전인 &lt;할로윈&gt;은 또 78년의 '존 카펜터'감독의 &lt;할로윈&gt;의 속편이죠. 이후의 속편을 무시하고 바로... "", '영화 [<b>할로윈 킬즈</b>] 국내 메인 예고편(한글) : 데이빗 고든 그린 : 2021.10.27 : 공포 스릴러 공포는 아직 끝나지 않았다 할로윈 밤의 살아 있는 공포 `마이클 마이어스`로 인해 오래도록 고통받으며 살아온... ', '영화 &lt;할로윈&gt; 시리즈의 새로운 속편, &lt;<b>할로윈 킬즈</b>&gt;가 청소년 관람 불가 등급을 받았습니다. 블룸하우스와 손을 잡아서 2018년 새 시리즈로 돌아왔을때 리메이크, 리부트도 아닌 1978년의 속편 격으로 나와서 정말... ', '1978년 &lt;할로윈&gt; 1편으로부터 이어지는 할로윈 리부트 시리즈의 두 번째 작품, &lt;<b>할로윈 킬즈</b>&gt;의 티저 예고편이 공개되었습니다. 전편에서 곧바로 이어지는 내용인데요, 마이클을 가두고 태워 버린 집을 뒤로... ', ""2018년 (데이빗 고든 그린) 감독의 공포 영화 &lt;할로윈&gt;의 후속편!! 영화 &lt;&lt;<b>할로윈 킬즈</b>&gt;&gt;의 공식 티저 예고편이 전격 공개가 되면서 영화 팬들의 이목을 끌고 있습니다. &lt;2021년 영화 '<b>할로윈 킬즈</b>'의 북미 첫... "", '나타나는건 미스트, 조지 로메오의 시체 3부작 등등 그렇게 연상된다. 아니면 분위기가 좀비랜드의 진지모드를 보는 듯한.... 개인적으로 캔디맨, <b>할로윈 킬즈</b>와 함께 가장 기대되는 올해 호러영화들중 하나이다.', '예상치도 못한 코로나 사태로 인해 20년에 개봉했어야할 영화가 무려 다음 년도 10월까지 1년이나 개봉이 미뤄져버린 할로윈2018의 후속작 <b>할로윈 킬즈</b>가 드디어 올해 10월에 공개됩니다.... ', 'be/eGkybOvGXbI 감독: 데이비드 고든 그린 장르: 공포 관람등급: 청소년 관람불가 개봉일: 2021/10/15 출연진: 제이미 리 커티스, 주디 그리어 2018년에 개봉한 &lt;할로윈&gt;의 뒷이야기를 담은 &lt;<b>할로윈 킬즈</b>&gt;가 오늘... ', '영화 [할로윈 킬스 Halloween Kills ] 메인 예고편 : 2021.10 : 공포 스릴러 2018년 리부트작... 영화 [<b>할로윈 킬즈</b> Halloween Kills] 파이널 예고편 : 2021.10 : 공포 스릴러 : 킬스', '더 <b>할로윈</b>처럼 느껴진다 그러나 게임 보드는 13라운드를 위한 준비가 된 상태로 정확히 남겨져있다 앞으로 나아가는 유일한 것은 사망자 수다 할리우드 리포터 이 최신 작품은 라텍스 구울 마스크와... '<b>할로윈 킬즈</b> Halloween Kills 2018년에 개봉한 &lt;할로윈&gt;의 속편인 &lt;<b>할로윈 킬즈</b>&gt;의 메인 예고편입니다. 18년 버전인 &lt;할로윈&gt;은 또 78년의 '존 카펜터'감독의 &lt;할로윈&gt;의 속편이죠. 이후의 속편을 무시하고 바로... 영화 [<b>할로윈 킬즈</b>] 국내 메인 예고편(한글) : 데이빗 고든 그린 : 2021.10.27 : 공포 스릴러 공포는 아직 끝나지 않았다 할로윈 밤의 살아 있는 공포 `마이클 마이어스`로 인해 오래도록 고통받으며 살아온... 영화 &lt;할로윈&gt; 시리즈의 새로운 속편, &lt;<b>할로윈 킬즈</b>&gt;가 청소년 관람 불가 등급을 받았습니다. 블룸하우스와 손을 잡아서 2018년 새 시리즈로 돌아왔을때 리메이크, 리부트도 아닌 1978년의 속편 격으로 나와서 정말... 1978년 &lt;할로윈&gt; 1편으로부터 이어지는 할로윈 리부트 시리즈의 두 번째 작품, &lt;<b>할로윈 킬즈</b>&gt;의 티저 예고편이 공개되었습니다. 전편에서 곧바로 이어지는 내용인데요, 마이클을 가두고 태워 버린 집을 뒤로... 2018년 (데이빗 고든 그린) 감독의 공포 영화 &lt;할로윈&gt;의 후속편!! 영화 &lt;&lt;<b>할로윈 킬즈</b>&gt;&gt;의 공식 티저 예고편이 전격 공개가 되면서 영화 팬들의 이목을 끌고 있습니다. &lt;2021년 영화 '<b>할로윈 킬즈</b>'의 북미 첫... 나타나는건 미스트, 조지 로메오의 시체 3부작 등등 그렇게 연상된다. 아니면 분위기가 좀비랜드의 진지모드를 보는 듯한.... 개인적으로 캔디맨, <b>할로윈 킬즈</b>와 함께 가장 기대되는 올해 호러영화들중 하나이다.예상치도 못한 코로나 사태로 인해 20년에 개봉했어야할 영화가 무려 다음 년도 10월까지 1년이나 개봉이 미뤄져버린 할로윈2018의 후속작 <b>할로윈 킬즈</b>가 드디어 올해 10월에 공개됩니다.... be/eGkybOvGXbI 감독: 데이비드 고든 그린 장르: 공포 관람등급: 청소년 관람불가 개봉일: 2021/10/15 출연진: 제이미 리 커티스, 주디 그리어 2018년에 개봉한 &lt;할로윈&gt;의 뒷이야기를 담은 &lt;<b>할로윈 킬즈</b>&gt;가 오늘... 영화 [할로윈 킬스 Halloween Kills ] 메인 예고편 : 2021.10 : 공포 스릴러 2018년 리부트작... 영화 [<b>할로윈 킬즈</b> Halloween Kills] 파이널 예고편 : 2021.10 : 공포 스릴러 : 킬스더 <b>할로윈</b>처럼 느껴진다 그러나 게임 보드는 13라운드를 위한 준비가 된 상태로 정확히 남겨져있다 앞으로 나아가는 유일한 것은 사망자 수다 할리우드 리포터 이 최신 작품은 라텍스 구울 마스크와... "
20204144,가치 캅시다,2020,2021-10-28,-,조승원,한국,(주)스튜디오 보난자,"'조승원 감독의 ‘<b>가치 캅시다</b>’는 주인공 기호의 로드 무비이다. 기호는 시민권을 위해 미군이... ‘<b>가치 캅시다</b>.’ 줄곧 혼자 가던 기호의 모습 위로 앤더슨의 목소리를 가진 제목이 얹어진다. 기호는... ', '[한국경쟁6] <b>가치 캅시다</b> / We Go Together / 조승원 [한줄평] 양파 껍질처럼 하나씩 벗겨지는 미군이 되고자... ‘같이 캅시다’라는 제목이 주는 뉘앙스때문일까? 아니다. 그 이상을 담고 있는 것 같다. ‘평생... ', ""2편 ‘<b>가치 캅시다</b>’가 본격적인 제작에 돌입했다. 유재원 총장을 비롯한 학교 관계자들과 김용찬... ‘<b>가치 캅시다</b>' 제작진과 배우들이 화이팅을 외치고 있다. ‘<b>가치 캅시다</b>’는 주한미군 배속 고졸 출신... "", '영화제에서도 우수 상을 받은 졸업작품 ‘<b>가치캅시다</b>’ 다들 시사회 현장이 궁금하신거 같으니 얼른... <b>가치캅시다</b>의 감독 조승원 선배님께서도 제작과정을 이야기 해주셨습니다. 총장님께서도 덕담과 칭찬을... ', ""&lt; 독립영화 <b>가치캅시다</b> 주연/조연 오디션 &gt; 대상 : 20대 초 중남자 촬영 : 5월중 담당자 : 이건희 팀장... 독립영화 <b>가치캅시다</b> 주연/조연 오디션 ' 지원) 메일로 보내주시기 바랍니다. ※ 소속생은 따로... "", '[한국경쟁6] <b>가치 캅시다</b> / We Go Together / 조승원 [한줄평] 자기 연민의 말로 학연과 지연이 판치는 한국에서, 소위 쥐뿔도 없는 기호는 아메리칸 드림을 꿈꾸며 카투사에 입대한다. 군생활 동안 동료도 배신하고... ', ""올해 제작된 조승원 선배님의 '<b>가치캅시다</b>'가 2020 International Independent Film Awards에서 각본 골드위너상 을 수상하였습니다 !! 참여하신 모든분들 너무 축하드립니다 ! <b>가치캅시다</b>는 올 겨울 개봉... "", '최근에는 영화영상학과 재학생들이 제작한 장편영화 ‘<b>가치캅시다</b>’가 제 54회 휴스턴 국제영화제에서 은상을 수상하는 쾌거를 이뤘어요! 이처럼 직접 만든 영상물을 영화제에 출품하여 좋은 결과를 만들어... ', ""한국영상대학교 영화영상학과 4학년 학생들이 직접 제작한 장편영화 &quot;<b>가치 캅시다</b>(We go together)&quot;가... 영화 '<b>가치 캅시다</b>'는 학교(한국영상대학교)의 전폭적인 지원을 받으며 세종에서 촬영한 러닝타임 100분의... "", '담당한 ‘<b>가치캅시다</b>(We Go Together)’였다고 해요! 전시회가 끝이나고 조승원 학우를 만나 작품이... 조승원 학생은 ‘<b>가치캅시다</b>’를 연출하며 많은 연기를 주문했다고 하는데요. 그 주문은 배우의 감정을... '조승원 감독의 ‘<b>가치 캅시다</b>’는 주인공 기호의 로드 무비이다. 기호는 시민권을 위해 미군이... ‘<b>가치 캅시다</b>.’ 줄곧 혼자 가던 기호의 모습 위로 앤더슨의 목소리를 가진 제목이 얹어진다. 기호는... [한국경쟁6] <b>가치 캅시다</b> / We Go Together / 조승원 [한줄평] 양파 껍질처럼 하나씩 벗겨지는 미군이 되고자... ‘같이 캅시다’라는 제목이 주는 뉘앙스때문일까? 아니다. 그 이상을 담고 있는 것 같다. ‘평생... 2편 ‘<b>가치 캅시다</b>’가 본격적인 제작에 돌입했다. 유재원 총장을 비롯한 학교 관계자들과 김용찬... ‘<b>가치 캅시다</b>' 제작진과 배우들이 화이팅을 외치고 있다. ‘<b>가치 캅시다</b>’는 주한미군 배속 고졸 출신... 영화제에서도 우수 상을 받은 졸업작품 ‘<b>가치캅시다</b>’ 다들 시사회 현장이 궁금하신거 같으니 얼른... <b>가치캅시다</b>의 감독 조승원 선배님께서도 제작과정을 이야기 해주셨습니다. 총장님께서도 덕담과 칭찬을... &lt; 독립영화 <b>가치캅시다</b> 주연/조연 오디션 &gt; 대상 : 20대 초 중남자 촬영 : 5월중 담당자 : 이건희 팀장... 독립영화 <b>가치캅시다</b> 주연/조연 오디션 ' 지원) 메일로 보내주시기 바랍니다. ※ 소속생은 따로... [위드인뉴스 김영식] 지금 대한민국이 주목하는 군대를 소재로 한 영화 ‘<b>가치 캅시다</b>’가 10월 28일... 영화 ‘<b>가치 캅시다</b>’는 한국을 탈출하기 위해 미군이 되려는 고졸 카투사의 ‘피내는’ 노력을 그린... [한국경쟁6] <b>가치 캅시다</b> / We Go Together / 조승원 [한줄평] 자기 연민의 말로 학연과 지연이 판치는 한국에서, 소위 쥐뿔도 없는 기호는 아메리칸 드림을 꿈꾸며 카투사에 입대한다. 군생활 동안 동료도 배신하고... 올해 제작된 조승원 선배님의 '<b>가치캅시다</b>'가 2020 International Independent Film Awards에서 각본 골드위너상 을 수상하였습니다 !! 참여하신 모든분들 너무 축하드립니다 ! <b>가치캅시다</b>는 올 겨울 개봉... 최근에는 영화영상학과 재학생들이 제작한 장편영화 ‘<b>가치캅시다</b>’가 제 54회 휴스턴 국제영화제에서 은상을 수상하는 쾌거를 이뤘어요! 이처럼 직접 만든 영상물을 영화제에 출품하여 좋은 결과를 만들어... 한국영상대학교 영화영상학과 4학년 학생들이 직접 제작한 장편영화 &quot;<b>가치 캅시다</b>(We go together)&quot;가... 영화 '<b>가치 캅시다</b>'는 학교(한국영상대학교)의 전폭적인 지원을 받으며 세종에서 촬영한 러닝타임 100분의... "
20202462,당신은 믿지 않겠지만,2021,2021-10-28,20202462D(디지털),이시이 유야,일본,(주)디오시네마,"'있는 &quot;<b>당신은 믿지 않겠지만</b>&quot;이 국내 개봉을 예고하고 있어 영화계 뿐만 아니라, 팬들에게도 신선한... 이 작품 &quot;<b>당신은 믿지 않겠지만</b>&quot;은, 서울에서 사업을 하고 있는 형을 찾아 한국을 찾아온 한 남자가... ', '영화 &lt;<b>당신은 믿지 않겠지만</b>&gt;이 티저 예고편을 최초 공개하며 베일을 벗는다. “천사를 만났다!”... 드라마 &lt;<b>당신은 믿지 않겠지만</b>&gt;이 10월 개봉을 확정한 가운데 티저 예고편을 공개했다. 이번에 공개된... ', '<b>당신은 믿지 않겠지만</b> 10월 28일 개봉예정 영화 &lt;<b>당신은 믿지 않겠지만</b>&gt; 티저 포스터가 공개되었습니다. 영화 &lt;<b>당신은 믿지 않겠지만</b>&gt;는 서로 다른 마음의 상처를 가진 일본과 한국의 가족이 서울에서 만나... ', '영화 [<b>당신은 믿지 않겠지만</b>] 티저 예고편(한글): 최희서, 이케마츠 소스케, 오다기리 죠 서울에서 사업으로 잘나간다는 형 토오루(오다기리 죠)의 말만 믿고 아들을 데리고 무작정 한국으로 날아온... ', '한국과 일본의 대표 연기파 배우들이 총출동한 기대작 &lt;<b>당신은 믿지 않겠지만</b>&gt;이 10월 28일 개봉을 확정... 다정한 위로와 상냥한 웃음 예고하는 &lt;<b>당신은 믿지 않겠지만</b>&gt; 10월 28일 개봉! 메인 포스터 공개! 서로... ', '<b>당신은 믿지 않겠지만</b>, 한일합작 영화 “나의 천사는 당신입니다.” 마음만으로도 통해요. 괴로웠던 과거는 잊어요. 지금까지 나와 잘 살아줘서 고마워요. 지금 이 순간부터 다시 시작해요. 어디로 갈지... ', ""アジアの天使 '<b>당신은 믿지 않겠지만</b>' (한국 개봉 타이틀) 監督：石井裕也 Director: ISHII Yuya 2021年｜日本｜128分 최희서, 오다기리죠 '<b>당신은 믿지 않겠지만</b>' 오사카 아시안 필름 페스티벌 폐막작 선정... "", '일본의 젊은 거장 이시이 유야 감독이 한국 올 로케로 촬영한 작품으로 주목받고 있는 영화 &lt;<b>당신은 믿지 않겠지만</b>&gt;이 티저 예고편을 최초 공개하며 베일을 벗는다. &lt;<b>당신은 믿지 않겠지만</b>&gt;티져 포스터 서로... ', ""한국과 일본의 대표 연기파 배우들이 총출동한 기대작 '<b>당신은 믿지 않겠지만</b>'(이시이 유야 감독)이 10월 28일 개봉을 확정 지으며 메인 포스터를 공개했다. '<b>당신은 믿지 않겠지만</b>'은 서로 다른 마음의 상처를... "", '영화 <b>당신은 믿지 않겠지만</b> 최희서 오다기리 죠 힐링 미라클 10월 28일 영화 <b>당신은 믿지 않겠지만</b>은 서로 다른 마음의 상처를 가진 일본과 한국의 가족이 서울에 우연처럼 만나 운명 같은 여정을 떠나는 힐링... '있는 &quot;<b>당신은 믿지 않겠지만</b>&quot;이 국내 개봉을 예고하고 있어 영화계 뿐만 아니라, 팬들에게도 신선한... 이 작품 &quot;<b>당신은 믿지 않겠지만</b>&quot;은, 서울에서 사업을 하고 있는 형을 찾아 한국을 찾아온 한 남자가... 영화 &lt;<b>당신은 믿지 않겠지만</b>&gt;이 티저 예고편을 최초 공개하며 베일을 벗는다. “천사를 만났다!”... 드라마 &lt;<b>당신은 믿지 않겠지만</b>&gt;이 10월 개봉을 확정한 가운데 티저 예고편을 공개했다. 이번에 공개된... <b>당신은 믿지 않겠지만</b> 10월 28일 개봉예정 영화 &lt;<b>당신은 믿지 않겠지만</b>&gt; 티저 포스터가 공개되었습니다. 영화 &lt;<b>당신은 믿지 않겠지만</b>&gt;는 서로 다른 마음의 상처를 가진 일본과 한국의 가족이 서울에서 만나... 한국과 일본의 대표 연기파 배우들이 총출동한 기대작 &lt;<b>당신은 믿지 않겠지만</b>&gt;이 10월 28일 개봉을 확정... 다정한 위로와 상냥한 웃음 예고하는 &lt;<b>당신은 믿지 않겠지만</b>&gt; 10월 28일 개봉! 메인 포스터 공개! 서로... <b>당신은 믿지 않겠지만</b>, 한일합작 영화 “나의 천사는 당신입니다.” 마음만으로도 통해요. 괴로웠던 과거는 잊어요. 지금까지 나와 잘 살아줘서 고마워요. 지금 이 순간부터 다시 시작해요. 어디로 갈지... アジアの天使 '<b>당신은 믿지 않겠지만</b>' (한국 개봉 타이틀) 監督：石井裕也 Director: ISHII Yuya 2021年｜日本｜128分 최희서, 오다기리죠 '<b>당신은 믿지 않겠지만</b>' 오사카 아시안 필름 페스티벌 폐막작 선정... 일본의 젊은 거장 이시이 유야 감독이 한국 올 로케로 촬영한 작품으로 주목받고 있는 영화 &lt;<b>당신은 믿지 않겠지만</b>&gt;이 티저 예고편을 최초 공개하며 베일을 벗는다. &lt;<b>당신은 믿지 않겠지만</b>&gt;티져 포스터 서로... 한국과 일본의 대표 연기파 배우들이 총출동한 기대작 '<b>당신은 믿지 않겠지만</b>'(이시이 유야 감독)이 10월 28일 개봉을 확정 지으며 메인 포스터를 공개했다. '<b>당신은 믿지 않겠지만</b>'은 서로 다른 마음의 상처를... 영화 <b>당신은 믿지 않겠지만</b> 최희서 오다기리 죠 힐링 미라클 10월 28일 영화 <b>당신은 믿지 않겠지만</b>은 서로 다른 마음의 상처를 가진 일본과 한국의 가족이 서울에 우연처럼 만나 운명 같은 여정을 떠나는 힐링... 좋겠다 &lt;<b>당신은 믿지 않겠지만</b> The Asian Angel&gt; 이시이 유야 감독 아내와 사별한 작가 츠요시는 아들과... 그래서 제목이 <b>당신은 믿지 않겠지만</b>인가......... 이럴 거면 아예 처음부터 믿기지 않는 전개로 가도... "
20209948,바람아 안개를 걷어가다오,2020,2021-10-28,"20209948D(디지털)
20209948E(디지털 영문자막)",신동민,한국,(주)모쿠슈라,"'에세이 &lt;<b>바람아 안개를 걷어가다오</b>&gt; 10/28(목) 개봉 확정! 4:3 스크린 비율 아날로그 감성 담긴 보도스틸... &lt;빠람아 안개를 걷어가다오&gt; 보도스틸 ©모쿠슈라 공개된 보도스틸은 특별할 것 없는 보통의 일상이... ', '같은 길을 걷는 두 사람 <b>바람아 안개를 걷어가다오</b>(2020) 감독/ 신동민 주연/ 신정웅, 김혜정, 노윤정 *2020... 어머니가 부르는 노래속 가사처럼 바람이 안개를 걷어가 줄 것임을 달마도를 향해 빌었을 그 사람이... ', '마치 장건재 라인이 형성된 느낌 저도 껴주세요  <b>바람아 안개를 걷어가다오</b> 감독 신동민 출연 신정웅... 아쒸) #<b>바람아안개를걷어가다오</b> #아리랑시네센터 #아리랑인디웨이브 #신동민감독 #김소희평론가... ', '한국경쟁 온라인상영작 8편 중 4편 #갈매기 #괴물유령자유인 #담쟁이 #<b>바람아안개를걷어가다오</b> 한국... <b>바람아 안개를 걷어가다오</b> Mom’s Song 감독 신동민 국가 한국 러닝타임 74분 ▶️줄거리 드라마틱한... ', '[<b>바람아 안개를 걷어가다오</b>]는 가족에 관한 영화다. 특별한 이야기는 아니다. 동민은 보일러에서 소리가... [<b>바람아 안개를 걷어가다오</b>]에서는 이런 흔적을 발견할 수 없었다. 이 영화는 전주국제영화제... ', '인디포럼 월례비행 4월 &lt;<b>바람아 안개를 걷어가다오</b>&gt; 일시 2021년 4월 28일(수) 오후 7시 참석... 네이버 &lt;<b>바람아 안개를 걷어가다오</b> Mom’s Song&gt; 신동민 | 2020 | Fiction | 73min 제21회 전주국제영화제... ', '전주국제영화제 대상에 , , , 선정 제21회 전주국제영화제 대상에 , , , 이 차지했다. 제21회 전주국제영화제가 1일 오후 6시, CGV 전주고사 1관에서 시상식을 열고 경쟁부문을 포함한 각 부문별 수상작을 발표했다.... ', '갈매기 감독 김미조 출연 개봉 미개봉 한국경쟁 공동 대상 &lt;<b>바람아 안개를 걷어가다오</b>&gt; &lt;<b>바람아 안개를 걷어가다오</b>&gt; &lt;<b>바람아 안개를 걷어가다오</b>&gt;의 신동민 감독은 캐스팅이 독특하다. 감독은 자신의 어머니를... ', '플라워&gt;, &lt;우리집&gt;, &lt;<b>바람아 안개를 걷어 가다오</b>&gt;, &lt;갈매기&gt; &lt;기억의 전쟁&gt;, &lt;우리는 매일매일... <b>바람아 안개를 걷어가다오</b> <b>바람아 안개를 걷어가다오</b> (신동민 ｜ 2020) ⠀ ·11/23(월) 17:30 ·11... ', '2021년 가장 압도적인 올해의 여성영화 &lt;갈매기&gt;는 신예 김미조 감독의 첫 장편영화 연출작으로, 제21회 전주국제영화제 한국경쟁부문에서 신동민 감독의 &lt;<b>바람아 안개를 걷어가다오</b>&gt;와 함께 공동 대상을... '에세이 &lt;<b>바람아 안개를 걷어가다오</b>&gt; 10/28(목) 개봉 확정! 4:3 스크린 비율 아날로그 감성 담긴 보도스틸... &lt;빠람아 안개를 걷어가다오&gt; 보도스틸 ©모쿠슈라 공개된 보도스틸은 특별할 것 없는 보통의 일상이... 같은 길을 걷는 두 사람 <b>바람아 안개를 걷어가다오</b>(2020) 감독/ 신동민 주연/ 신정웅, 김혜정, 노윤정 *2020... 어머니가 부르는 노래속 가사처럼 바람이 안개를 걷어가 줄 것임을 달마도를 향해 빌었을 그 사람이... 마치 장건재 라인이 형성된 느낌 저도 껴주세요  <b>바람아 안개를 걷어가다오</b> 감독 신동민 출연 신정웅... 아쒸) #<b>바람아안개를걷어가다오</b> #아리랑시네센터 #아리랑인디웨이브 #신동민감독 #김소희평론가... 한국경쟁 온라인상영작 8편 중 4편 #갈매기 #괴물유령자유인 #담쟁이 #<b>바람아안개를걷어가다오</b> 한국... <b>바람아 안개를 걷어가다오</b> Mom’s Song 감독 신동민 국가 한국 러닝타임 74분 ▶️줄거리 드라마틱한... [<b>바람아 안개를 걷어가다오</b>]는 가족에 관한 영화다. 특별한 이야기는 아니다. 동민은 보일러에서 소리가... [<b>바람아 안개를 걷어가다오</b>]에서는 이런 흔적을 발견할 수 없었다. 이 영화는 전주국제영화제... 인디포럼 월례비행 4월 &lt;<b>바람아 안개를 걷어가다오</b>&gt; 일시 2021년 4월 28일(수) 오후 7시 참석... 네이버 &lt;<b>바람아 안개를 걷어가다오</b> Mom’s Song&gt; 신동민 | 2020 | Fiction | 73min 제21회 전주국제영화제... 당신은 믿지 않겠지만 개요 : 드라마 감독 : 이시이 유야 출연 : 이케마츠 소스케, 최희서, 오다기리 죠, 김민재, 김예은 * <b>바람아 안개를 걷어가다오</b> 개요 : 드라마 감독 : 신동민 출연 : 김혜정, 신정웅, 노윤정전주국제영화제 대상에 , , , 선정 제21회 전주국제영화제 대상에 , , , 이 차지했다. 제21회 전주국제영화제가 1일 오후 6시, CGV 전주고사 1관에서 시상식을 열고 경쟁부문을 포함한 각 부문별 수상작을 발표했다.... 갈매기 감독 김미조 출연 개봉 미개봉 한국경쟁 공동 대상 &lt;<b>바람아 안개를 걷어가다오</b>&gt; &lt;<b>바람아 안개를 걷어가다오</b>&gt; &lt;<b>바람아 안개를 걷어가다오</b>&gt;의 신동민 감독은 캐스팅이 독특하다. 감독은 자신의 어머니를... 플라워&gt;, &lt;우리집&gt;, &lt;<b>바람아 안개를 걷어 가다오</b>&gt;, &lt;갈매기&gt; &lt;기억의 전쟁&gt;, &lt;우리는 매일매일... <b>바람아 안개를 걷어가다오</b> <b>바람아 안개를 걷어가다오</b> (신동민 ｜ 2020) ⠀ ·11/23(월) 17:30 ·11... "
20210301,귀멸의 칼날: 남매의 연,2020,2021-11-10,20210301D(디지털),소토자키 하루오,일본,(주)박수엔터테인먼트,"요시츠구 귀멸의 칼날 남매의 연 개봉일-10월 20일-&gt;11월 10일로 개봉일 연기 배급사-BoXoo 엔터테인먼트 <b>귀멸의 칼날: 남매의 연</b> 감독 소토자키 하루오 출연 하나에 나츠키, 키토 아카리, 시모노 히로, 마츠오카... <b>귀멸의 칼날</b> <b>남매의 연</b> 11월 10일 개봉 연기가 확정 <b>귀멸의 칼날</b> <b>남매의 연</b> 2021년 11월 10일 개봉 예정 혈귀의 습격으로 가족을 잃은 소년 탄지로 유일하게 살아남은 여동생 네즈코마저 혈귀로 변해 버리고... [위드인뉴스 김영식] 전 세계적 흥행 신드롬을 일으킨 ‘귀멸의 칼날’의 스페셜 극장판 중 첫 번째 시리즈 &lt;<b>귀멸의 칼날: 남매의 연</b>&gt;의 주인공 ‘탄지로’ 캐릭터의 다채로운 매력이 눈길을 끈다. 가슴이... ▲ '나타구모산 편 / 주합회의·나비저택 편' 포스터 '남매의 연' 이후의 내용들을 다룬 1기 총집편들도... date '<b>귀멸의 칼날: 남매의 연</b>'은 TV 애니메이션 '귀멸의 칼날' 1기의 1~6화까지의 내용을 다룬 총집편으로... 굉장한 흥행을 이룬 '<b>귀멸의 칼날</b>'의 또 다른 극장판인 '<b>귀멸의 칼날</b> <b>남매의 연</b>'의 소식에 대해 포스팅 해볼까해요~!! 올해 1월에 개봉한 무한열차편에 대한 평이 너무나 좋고 흥행 하여서 귀칼에서 극장판이... 이 &quot;<b>귀멸의 칼날: 남매의 연</b>&quot;은 일본에서 2021년 9월 11일에 TV로 선행 방송을 하고, 한국은 애니맥스... 등장도 있으니 극장판에서 꼭! 해줬으면 좋겠습니다! 이상으로 귀멸의 칼날 남매의 연 개봉 소식글 끝!✔️ TVA 1기 전체 애니메이션 시청률 1위 등극! ✔️ 극장판 2020년 전 세계 영화 흥행 수익 2위! 반박불가 NO.1 &lt;<b>귀멸의 칼날: 남매의 연</b>&gt; 관람 전 알아보는 최초! 최고! 최강 기록들 공개!10月, <b>귀멸의 칼날: 남매의 연</b> 다가온다! 극장한 귀멸의 칼날 무한열차편 이후, 大인기몰이 중인 귀칼!... 벌써부터 기다려지는 귀멸의 칼날 남매의 연! 새로운 스토리의 시작 前 잊지 말아야 할_ 극장한... <b>귀멸의 칼날</b> <b>남매의 연</b> 영상은 아래에서 확인하세요! https://youtu.be/VQGCKyvzIM4 <b>귀멸의 칼날</b> 2기 트레일러는 아래에서 확인하세요! https://youtu.be/2MKkj1DQ0NU 감사합니다. https://blog.naver.com/hanukiz/222320530209참고로 &lt;<b>귀멸의 칼날: 남매의 연</b>&gt; 말고도 &lt;귀멸의 칼날: 나타구모산 편&gt;, &lt;귀멸의 칼날: 주합회의·나비저택 편&gt;도 애니맥스 브로드캐스팅 코리아에서 수입했다고 합니다. 남매의 연이 만족스러운 흥행을... "
20124352,십계,2007,2021-12-02,"20124352N(필름)
20124352D(디지털)","빌 보이스,존 스트로나크",미국,"(재)CBS,주식회사 블루필름웍스","T h e T e n C o m m a n d m e n t s <b>십계</b> 이스라엘의 번영을 막고자 이집트의 왕 '파라오'는 이스라엘... 영화 &lt;<b>십계</b>, The Ten Commandments / 1956&gt; Trailer 출처 : Paramount Movies (YouTube) #고전영화 #고전영화추천... 크쥐시토프 키에슬로프스키 - <b>십계</b>, 어느 고백에 관한 이야기, 도적질을 하지 말지니라. (Dekalog, siedem)... 아무튼 오늘 적을 영화는 이 명감독의 영화 중에서 <b>십계</b> 중의 한 작품을 소개하고 싶다. 나는 묘하게 <b>십계</b>... 금융 건강 지키는 금융 방역 <b>십계</b> 시도 때도 없이 쏟아지는 코로나19 소식은 나를 비롯한 주위 모두를 괴롭게 하고 있다. 경제적 어려움을 느끼는 자에게는 더욱 가혹하기만 하다. 하지만 그렇다고 절망은... 홍해가 갈라지는 ‘<b>십계</b>‘ 영화 장면 (1편) 영화 ‘<b>십계</b>’에 나오는 한 장면입니다. 아마도 열 번도 더 보았을 것입니다. 얼마 전 어떤 집사님이 제게 보내준 동영상입니다. 인생을 살아갈 때 앞뒤가 꽉 막힐... <b>십계</b>2, 너는 너의 하나님 여호와의 이름을 망령되이 일컫지 말라. 키에슬로프스키 영화 2편의 내용... <b>십계</b> 2계명을 부정형 명령에서 긍정형 권유로 바꾸면, 너는 너의 하나님의 이름을 합당하게 일컬어라가 된다.... EBS가 준비한 다큐시네마 &lt;침묵하는 여성들을 위하여&gt;, 세계의 명화 &lt;<b>십계</b> 1부&gt;, 일요시네마 &lt;뷰티풀... 명화 &lt;<b>십계</b> 1부&gt; 출처 &lt;다음 영화&gt; &lt;세계의 명화&gt; <b>십계</b> 1부(The Ten Commandments) &quot;현명한 리더가 갖춰야할 것... <b>십계</b>4 부모공경과 생명존중 1 하나님이 이 모든 말씀으로 말씀하여 이르시되 2 나는 너를 애굽 땅, 종... 29 <b>십계</b>4 중고등부 설교 본래 처음 만들 때는 3번에 걸친 시리즈 설교였는데, 몇 년 동안 업그레이드 되면서... <b>십계</b>를 보고 나서 또 다른 대작 벤허가 보고 싶어졌어요. <b>십계</b> 디비디를 살 때 벤허도 같이 사두었거든요. 그래서 이번주에 보려고 했는데, 모건 프리먼 얼굴이 보입니다? 찰스 헤스톤의 벤허에 모건프리만이???... 일곱개의대죄 그랜드크로스 <b>십계</b> 갈란, 아서 업데이트 전격 분석 일곱개의대죄 그랜드크로스 7챕터가 오픈하면서 계명의 부활 스토리가 시작합니다. 수많은 유저들이 기다려왔던 <b>십계</b>가 등장하고, 더... 애니 [<b>십계</b>] 메인 예고편(한글) : 벤 킹슬리, 크리스찬 슬레이터 : 2021.12.02 : 애니메이션 하나님의 음성을 듣는 자, 약속의 땅을 향한 위대한 여정이 시작된다! “나는 아브라함의 하나님, 이삭의... "
